doc_id,po_id,supplier,sku,item,quantity,unit,received_at
BOL-8821,PO-4419,Fresh Farms,ROM-ICE-24,romaine,50,cases,2026-09-12T13:50:00+00:00
BOL-4421,PO-4421,Berry Grove Co,STR-CLAM-12,strawberries,24,cases,2026-09-11T17:50:00+00:00
BOL-4420,PO-4420,GreenLeaf Produce,SPI-BCH-24,spinach,30,cases,2026-09-11T15:18:00+00:00
BOL-4418,PO-4418,Fresh Farms,KAL-BCH-12,kale,12,cases,2026-09-10T19:58:00+00:00
BOL-4415,PO-4415,Berry Grove Co,AVO-CS-48,avocado,100,cases,2026-09-10T11:48:00+00:00
BOL-4412,PO-4412,CoolChain Farms,TOM-VINE-25,tomatoes,48,cases,2026-09-09T17:30:00+00:00
BOL-4410,PO-4410,GreenLeaf Produce,SPI-BCH-24,spinach,18,cases,2026-09-08T09:28:00+00:00
BOL-4408,PO-4408,Fresh Farms,ROM-ICE-24,romaine,50,cases,2026-09-08T11:03:00+00:00
BOL-4402,PO-4402,Fresh Farms,AVO-CS-48,avocado,40,cases,2026-09-08T15:53:00+00:00
BOL-4399,PO-4399,CoolChain Farms,MIX-GRN-12,mixed greens,20,cases,2026-09-05T10:43:00+00:00
BOL-4406,PO-4406,Valley Mist,BLU-FLAT-12,blueberries,24,cases,2026-09-12T10:22:00+00:00
BOL-4404,PO-4404,Pacific Pack,TOM-VINE-25,tomatoes,40,cases,2026-09-11T12:05:00+00:00
BOL-4403,PO-4403,Harbor Greens,KAL-BCH-12,kale,16,cases,2026-09-10T08:12:00+00:00
BOL-4398,PO-4398,Sierra Packing,ROM-ICE-24,iceberg,30,cases,2026-09-09T13:40:00+00:00
BOL-5001,PO-5001,Red River Produce,RAD-BCH-24,radish,16,cases,2026-09-07T15:10:44+00:00
BOL-5002,PO-5002,Sierra Packing,HRB-MIX-12,herbs,50,cases,2026-09-07T10:57:42+00:00
BOL-5003,PO-5003,High Desert Growers,STR-CLAM-12,strawberries,50,cases,2026-09-11T14:36:32+00:00
BOL-5004,PO-5004,High Desert Growers 2,STR-CLAM-12,strawberries,50,cases,2026-09-08T09:06:53+00:00
BOL-5005,PO-5005,CoolChain Farms,ROM-ICE-24,romaine,48,cases,2026-09-10T09:00:17+00:00
BOL-5005,PO-5005,CoolChain Farms,AVO-CS-48,avocado,60,cases,2026-09-10T09:00:17+00:00
BOL-5006,PO-5006,Pacific Pack,ROM-ICE-24,romaine,48,cases,2026-09-07T14:06:26+00:00
BOL-5007,PO-5007,Pacific Pack 3,POT-RUS-50,potatoes,24,cases,2026-09-07T10:00:19+00:00
BOL-5008,PO-5008,Fresh Farms,CAB-GRN-20,cabbage,20,cases,2026-09-08T10:43:31+00:00
BOL-5009,PO-5009,Sierra Packing,CUC-CTN-24,cucumbers,16,cases,2026-09-12T15:22:39+00:00
BOL-5010,PO-5010,GreenLeaf Produce,KAL-BCH-12,kale,48,cases,2026-09-11T08:33:03+00:00
BOL-5011,PO-5011,GreenLeaf Produce,CRN-EAR-48,corn,12,cases,2026-09-10T14:05:26+00:00
BOL-5012,PO-5012,North Fork Cold 6,HRB-MIX-12,herbs,24,cases,2026-09-08T07:35:49+00:00
BOL-5013,PO-5013,Sunridge Organics,STR-CLAM-12,strawberries,30,cases,2026-09-10T09:02:08+00:00
BOL-5014,PO-5014,Fresh Farms 3,ROM-ICE-24,romaine,12,cases,2026-09-07T12:10:47+00:00
BOL-5015,PO-5015,Pacific Pack,CAR-BAG-50,carrots,24,cases,2026-09-10T15:10:24+00:00
BOL-5016,PO-5016,Sierra Packing 2,BRO-CRN-20,broccoli,12,cases,2026-09-10T09:34:54+00:00
BOL-5017,PO-5017,Fresh Farms,MSH-CTN-10,mushrooms,50,cases,2026-09-09T12:38:23+00:00
BOL-5018,PO-5018,Valley Mist 5,TOM-VINE-25,tomatoes,60,cases,2026-09-09T10:05:40+00:00
BOL-5019,PO-5019,Fresh Farms 4,TOM-VINE-25,tomatoes,30,cases,2026-09-12T09:18:39+00:00
BOL-5020,PO-5020,Fresh Farms,TOM-VINE-25,tomatoes,48,cases,2026-09-11T14:05:59+00:00
BOL-5021,PO-5021,Berry Grove Co,SPI-BCH-24,spinach,30,cases,2026-09-07T14:15:20+00:00
BOL-5022,PO-5022,Fresh Farms,POT-RUS-50,potatoes,50,cases,2026-09-10T09:21:35+00:00
BOL-5022,PO-5022,Fresh Farms,CRN-EAR-48,corn,50,cases,2026-09-10T09:21:35+00:00
BOL-5023,PO-5023,Fresh Farms,ONI-SK-50,onions,30,cases,2026-09-10T10:49:50+00:00
BOL-5024,PO-5024,North Fork Cold 7,ONI-SK-50,onions,30,cases,2026-09-09T09:56:27+00:00
BOL-5025,PO-5025,Berry Grove Co,HRB-MIX-12,herbs,20,cases,2026-09-08T08:01:46+00:00
BOL-5026,PO-5026,Berry Grove Co 2,LIM-CTN-40,limes,24,cases,2026-09-10T09:21:46+00:00
BOL-5027,PO-5027,Fresh Farms,ROM-ICE-24,romaine,12,cases,2026-09-08T08:31:19+00:00
BOL-5027,PO-5027,Fresh Farms,SPI-BCH-24,spinach,20,cases,2026-09-08T08:31:19+00:00
BOL-5028,PO-5028,Prairie Lot 4,ICE-HD-24,iceberg,40,cases,2026-09-11T11:11:06+00:00
BOL-5029,PO-5029,Fresh Farms,ROM-ICE-24,romaine,12,cases,2026-09-08T14:21:30+00:00
BOL-5030,PO-5030,Fresh Farms,LET-BIB-12,lettuce,16,cases,2026-09-07T11:48:19+00:00
BOL-5030,PO-5030,Fresh Farms,TOM-VINE-25,tomatoes,44,cases,2026-09-07T11:48:19+00:00
BOL-5031,PO-5031,Valley Mist 2,ROM-ICE-24,romaine,24,cases,2026-09-12T09:36:36+00:00
BOL-5032,PO-5032,Berry Grove Co,STR-CLAM-12,strawberries,48,cases,2026-09-07T12:38:05+00:00
BOL-5033,PO-5033,Fresh Farms,ONI-SK-50,onions,50,cases,2026-09-10T11:00:18+00:00
BOL-5034,PO-5034,Sierra Packing 3,ZUC-CS-20,zucchini,24,cases,2026-09-10T14:53:16+00:00
BOL-5035,PO-5035,Coastal Crisp 2,ROM-ICE-24,romaine,20,cases,2026-09-09T11:38:14+00:00
BOL-5036,PO-5036,Harbor Greens 5,PEP-BLST-20,peppers,48,cases,2026-09-09T14:02:36+00:00
BOL-5036,PO-5036,Harbor Greens 5,ICE-HD-24,iceberg,50,cases,2026-09-09T14:02:36+00:00
BOL-5037,PO-5037,High Desert Growers,ROM-ICE-24,romaine,24,cases,2026-09-07T07:20:56+00:00
BOL-5038,PO-5038,Coastal Crisp 6,BRO-CRN-20,broccoli,20,cases,2026-09-11T11:54:37+00:00
BOL-5039,PO-5039,GreenLeaf Produce,ZUC-CS-20,zucchini,16,cases,2026-09-09T10:46:58+00:00
BOL-5040,PO-5040,North Fork Cold 2,ONI-SK-50,onions,30,cases,2026-09-08T09:50:20+00:00
BOL-5041,PO-5041,Blue Mesa Farms,SPI-BCH-24,spinach,16,cases,2026-09-12T13:56:48+00:00
BOL-5041,PO-5041,Blue Mesa Farms,ASP-BCH-11,asparagus,12,cases,2026-09-12T13:56:48+00:00
BOL-5042,PO-5042,Fresh Farms,CRN-EAR-48,corn,50,cases,2026-09-11T10:56:26+00:00
BOL-5043,PO-5043,Fresh Farms 6,ICE-HD-24,iceberg,12,cases,2026-09-07T11:41:08+00:00
BOL-5044,PO-5044,Berry Grove Co,AVO-CS-48,avocado,24,cases,2026-09-09T09:02:45+00:00
BOL-5044,PO-5044,Berry Grove Co,TOM-VINE-25,tomatoes,16,cases,2026-09-09T09:02:45+00:00
BOL-5045,PO-5045,Fresh Farms 3,AVO-CS-48,avocado,50,cases,2026-09-11T11:15:59+00:00
BOL-5046,PO-5046,Pacific Pack,GBN-CTN-20,green beans,16,cases,2026-09-08T11:42:09+00:00
BOL-5047,PO-5047,GreenLeaf Produce,SPI-BCH-24,spinach,50,cases,2026-09-08T13:43:32+00:00
BOL-5048,PO-5048,CoolChain Farms,BET-BCH-20,beets,24,cases,2026-09-09T11:07:22+00:00
BOL-5049,PO-5049,High Desert Growers,ONI-SK-50,onions,48,cases,2026-09-08T14:18:49+00:00
BOL-5050,PO-5050,Coastal Crisp 2,ROM-ICE-24,romaine,60,cases,2026-09-12T13:45:52+00:00
BOL-5051,PO-5051,Sunridge Organics 4,TOM-VINE-25,tomatoes,14,cases,2026-09-08T07:51:55+00:00
BOL-5052,PO-5052,Red River Produce 3,ONI-SK-50,onions,16,cases,2026-09-12T07:38:30+00:00
BOL-5053,PO-5053,Valley Mist 2,ROM-ICE-24,romaine,16,cases,2026-09-11T10:14:20+00:00
BOL-5054,PO-5054,North Fork Cold 7,LIM-CTN-40,limes,16,cases,2026-09-10T14:51:18+00:00
BOL-5054,PO-5054,North Fork Cold 7,STR-CLAM-12,strawberries,30,cases,2026-09-10T14:51:18+00:00
BOL-5055,PO-5055,GreenLeaf Produce,STR-CLAM-12,strawberries,48,cases,2026-09-07T13:47:03+00:00
BOL-5056,PO-5056,Berry Grove Co,CEL-BCH-30,celery,24,cases,2026-09-10T08:32:10+00:00
BOL-5057,PO-5057,Sunridge Organics,PEP-BLST-20,peppers,50,cases,2026-09-12T08:13:14+00:00
BOL-5058,PO-5058,Coastal Crisp,SPI-BCH-24,spinach,48,cases,2026-09-10T08:20:04+00:00
BOL-5059,PO-5059,Berry Grove Co,ROM-ICE-24,romaine,48,cases,2026-09-08T14:12:19+00:00
BOL-5060,PO-5060,GreenLeaf Produce,ROM-ICE-24,romaine,12,cases,2026-09-08T09:31:44+00:00
BOL-5061,PO-5061,Coastal Crisp 5,KAL-BCH-12,kale,24,cases,2026-09-10T14:06:57+00:00
BOL-5062,PO-5062,Coastal Crisp 3,CEL-BCH-30,celery,12,cases,2026-09-08T13:26:46+00:00
BOL-5063,PO-5063,Valley Mist,SPI-BCH-24,spinach,48,cases,2026-09-11T07:17:37+00:00
BOL-5063,PO-5063,Valley Mist,STR-CLAM-12,strawberries,60,cases,2026-09-11T07:17:37+00:00
BOL-5064,PO-5064,Valley Mist 4,HRB-MIX-12,herbs,30,cases,2026-09-09T14:47:17+00:00
BOL-5065,PO-5065,Fresh Farms,POT-RUS-50,potatoes,48,cases,2026-09-11T10:59:04+00:00
BOL-5066,PO-5066,Blue Mesa Farms,CRN-EAR-48,corn,30,cases,2026-09-11T07:07:16+00:00
BOL-5067,PO-5067,Fresh Farms,CEL-BCH-30,celery,60,cases,2026-09-08T12:26:23+00:00
BOL-5068,PO-5068,CoolChain Farms 4,AVO-CS-48,avocado,20,cases,2026-09-08T07:32:40+00:00
BOL-5069,PO-5069,Fresh Farms,ROM-ICE-24,romaine,50,cases,2026-09-12T09:35:31+00:00
BOL-5070,PO-5070,High Desert Growers 6,POT-RUS-50,potatoes,48,cases,2026-09-10T13:20:44+00:00
BOL-5071,PO-5071,Pacific Pack,KAL-BCH-12,kale,50,cases,2026-09-07T11:10:39+00:00
BOL-5071,PO-5071,Pacific Pack,HRB-MIX-12,herbs,40,cases,2026-09-07T11:10:39+00:00
BOL-5072,PO-5072,Coastal Crisp 5,AVO-CS-48,avocado,24,cases,2026-09-12T10:08:34+00:00
BOL-5073,PO-5073,Fresh Farms,CAR-BAG-50,carrots,12,cases,2026-09-12T14:01:29+00:00
BOL-5074,PO-5074,Sierra Packing 3,LET-BIB-12,lettuce,24,cases,2026-09-11T09:04:08+00:00
BOL-5074,PO-5074,Sierra Packing 3,STR-CLAM-12,strawberries,24,cases,2026-09-11T09:04:08+00:00
BOL-5075,PO-5075,GreenLeaf Produce 2,ROM-ICE-24,romaine,20,cases,2026-09-11T13:43:57+00:00
BOL-5076,PO-5076,Sunridge Organics 2,KAL-BCH-12,kale,24,cases,2026-09-08T08:29:07+00:00
BOL-5076,PO-5076,Sunridge Organics 2,STR-CLAM-12,strawberries,12,cases,2026-09-08T08:29:07+00:00
BOL-5077,PO-5077,Valley Mist 3,KAL-BCH-12,kale,16,cases,2026-09-10T11:29:07+00:00
BOL-5078,PO-5078,Berry Grove Co 3,TOM-VINE-25,tomatoes,12,cases,2026-09-08T12:14:02+00:00
BOL-5079,PO-5079,High Desert Growers,RAD-BCH-24,radish,16,cases,2026-09-12T14:13:25+00:00
BOL-5080,PO-5080,Fresh Farms,BRO-CRN-20,broccoli,40,cases,2026-09-08T08:15:04+00:00
BOL-5081,PO-5081,Coastal Crisp,CAB-GRN-20,cabbage,16,cases,2026-09-12T11:31:18+00:00
BOL-5082,PO-5082,Fresh Farms 3,GBN-CTN-20,celery,48,cases,2026-09-10T13:33:35+00:00
BOL-5083,PO-5083,CoolChain Farms,KAL-BCH-12,kale,20,cases,2026-09-08T13:13:06+00:00
BOL-5084,PO-5084,Fresh Farms,KAL-BCH-12,kale,20,cases,2026-09-07T14:05:05+00:00
BOL-5085,PO-5085,Harbor Greens,KAL-BCH-12,kale,48,cases,2026-09-09T12:00:35+00:00
BOL-5085,PO-5085,Harbor Greens,LMN-CTN-40,lemons,30,cases,2026-09-09T12:00:35+00:00
BOL-5086,PO-5086,Fresh Farms,ROM-ICE-24,romaine,60,cases,2026-09-07T11:19:13+00:00
BOL-5087,PO-5087,Berry Grove Co,LIM-CTN-40,limes,60,cases,2026-09-07T09:22:36+00:00
BOL-5088,PO-5088,Valley Mist 4,SPI-BCH-24,spinach,30,cases,2026-09-07T14:55:42+00:00
BOL-5088,PO-5088,Valley Mist 4,KAL-BCH-12,kale,20,cases,2026-09-07T14:55:42+00:00
BOL-5089,PO-5089,Fresh Farms,ROM-ICE-24,romaine,60,cases,2026-09-09T10:25:04+00:00
BOL-5090,PO-5090,Berry Grove Co,LET-BIB-12,lettuce,16,cases,2026-09-08T10:52:21+00:00
BOL-5091,PO-5091,Fresh Farms,CUC-CTN-24,cucumbers,50,cases,2026-09-07T13:26:39+00:00
BOL-5092,PO-5092,Pacific Pack 3,ROM-ICE-24,romaine,50,cases,2026-09-09T09:19:13+00:00
BOL-5093,PO-5093,Pacific Pack,STR-CLAM-12,strawberries,24,cases,2026-09-10T07:23:14+00:00
BOL-5093,PO-5093,Pacific Pack,SPI-BCH-24,spinach,16,cases,2026-09-10T07:23:14+00:00
BOL-5094,PO-5094,Pacific Pack,BRO-CRN-20,broccoli,40,cases,2026-09-10T08:29:08+00:00
BOL-5095,PO-5095,Coastal Crisp,ASP-BCH-11,asparagus,48,cases,2026-09-08T13:19:02+00:00
BOL-5096,PO-5096,GreenLeaf Produce,KAL-BCH-12,kale,50,cases,2026-09-08T12:27:26+00:00
BOL-5096,PO-5096,GreenLeaf Produce,RAD-BCH-24,radish,16,cases,2026-09-08T12:27:26+00:00
BOL-5097,PO-5097,Berry Grove Co 2,ASP-BCH-11,asparagus,40,cases,2026-09-11T09:04:27+00:00
BOL-5097,PO-5097,Berry Grove Co 2,KAL-BCH-12,kale,20,cases,2026-09-11T09:04:27+00:00
BOL-5098,PO-5098,Red River Produce,LMN-CTN-40,lemons,20,cases,2026-09-09T07:58:33+00:00
BOL-5099,PO-5099,Berry Grove Co,CUC-CTN-24,cucumbers,20,cases,2026-09-07T09:11:12+00:00
BOL-5100,PO-5100,High Desert Growers 3,GBN-CTN-20,green beans,40,cases,2026-09-09T13:26:36+00:00
BOL-5101,PO-5101,Sunridge Organics,SPI-BCH-24,spinach,12,cases,2026-09-08T10:45:04+00:00
BOL-5102,PO-5102,Coastal Crisp,SPI-BCH-24,spinach,16,cases,2026-09-09T09:38:29+00:00
BOL-5103,PO-5103,Berry Grove Co 2,TOM-VINE-25,tomatoes,24,cases,2026-09-09T10:16:29+00:00
BOL-5104,PO-5104,Red River Produce 6,CAU-HD-12,cauliflower,40,cases,2026-09-09T11:16:09+00:00
BOL-5104,PO-5104,Red River Produce 6,ICE-HD-24,iceberg,20,cases,2026-09-09T11:16:09+00:00
BOL-5105,PO-5105,Sierra Packing,KAL-BCH-12,kale,30,cases,2026-09-08T10:44:28+00:00
BOL-5106,PO-5106,GreenLeaf Produce 2,ROM-ICE-24,romaine,16,cases,2026-09-08T09:53:43+00:00
BOL-5107,PO-5107,Berry Grove Co 3,CAR-BAG-50,carrots,20,cases,2026-09-10T09:25:16+00:00
BOL-5108,PO-5108,Sierra Packing 5,ONI-SK-50,onions,48,cases,2026-09-07T12:39:09+00:00
BOL-5109,PO-5109,CoolChain Farms,KAL-BCH-12,kale,20,cases,2026-09-09T15:00:05+00:00
BOL-5110,PO-5110,North Fork Cold 7,PEP-BLST-20,peppers,60,cases,2026-09-10T15:04:47+00:00
BOL-5110,PO-5110,North Fork Cold 7,KAL-BCH-12,kale,20,cases,2026-09-10T15:04:47+00:00
BOL-5111,PO-5111,Berry Grove Co,SPI-BCH-24,spinach,16,cases,2026-09-12T11:08:12+00:00
BOL-5112,PO-5112,GreenLeaf Produce 5,GBN-CTN-20,green beans,20,cases,2026-09-11T14:07:47+00:00
BOL-5113,PO-5113,Sunridge Organics 3,ROM-ICE-24,romaine,40,cases,2026-09-07T14:05:44+00:00
BOL-5114,PO-5114,CoolChain Farms 2,STR-CLAM-12,celery,24,cases,2026-09-10T15:16:28+00:00
BOL-5115,PO-5115,Red River Produce 2,TOM-VINE-25,tomatoes,30,cases,2026-09-11T08:39:23+00:00
BOL-5116,PO-5116,Berry Grove Co 4,SPI-BCH-24,spinach,50,cases,2026-09-09T10:34:10+00:00
BOL-5116,PO-5116,Berry Grove Co 4,ASP-BCH-11,asparagus,60,cases,2026-09-09T10:34:10+00:00
BOL-5117,PO-5117,Red River Produce,LET-BIB-12,lettuce,30,cases,2026-09-12T13:04:54+00:00
BOL-5118,PO-5118,Coastal Crisp,GBN-CTN-20,green beans,12,cases,2026-09-11T08:15:53+00:00
BOL-5119,PO-5119,Berry Grove Co,ROM-ICE-24,romaine,16,cases,2026-09-07T11:17:23+00:00
BOL-5120,PO-5120,Fresh Farms,ROM-ICE-24,romaine,44,cases,2026-09-08T08:14:08+00:00
BOL-5121,PO-5121,GreenLeaf Produce,POT-RUS-50,potatoes,60,cases,2026-09-07T07:40:01+00:00
BOL-5122,PO-5122,CoolChain Farms,CUC-CTN-24,cucumbers,50,cases,2026-09-07T09:27:15+00:00
BOL-5123,PO-5123,GreenLeaf Produce 2,BRO-CRN-20,broccoli,20,cases,2026-09-07T14:43:31+00:00
BOL-5124,PO-5124,GreenLeaf Produce,PEP-BLST-20,peppers,60,cases,2026-09-09T12:14:22+00:00
BOL-5125,PO-5125,Red River Produce,AVO-CS-48,avocado,50,cases,2026-09-07T11:29:34+00:00
BOL-5126,PO-5126,GreenLeaf Produce,ROM-ICE-24,romaine,16,cases,2026-09-10T15:22:23+00:00
BOL-5127,PO-5127,GreenLeaf Produce 3,KAL-BCH-12,kale,40,cases,2026-09-10T13:35:37+00:00
BOL-5127,PO-5127,GreenLeaf Produce 3,STR-CLAM-12,strawberries,50,cases,2026-09-10T13:35:37+00:00
BOL-5128,PO-5128,Fresh Farms,TOM-VINE-25,tomatoes,30,cases,2026-09-09T08:33:51+00:00
BOL-5129,PO-5129,Fresh Farms,ORG-CTN-40,oranges,60,cases,2026-09-07T08:42:56+00:00
BOL-5130,PO-5130,Berry Grove Co,ROM-ICE-24,romaine,40,cases,2026-09-08T13:25:41+00:00
BOL-5131,PO-5131,Valley Mist 5,LMN-CTN-40,lemons,40,cases,2026-09-07T10:08:27+00:00
BOL-5132,PO-5132,Prairie Lot 5,ROM-ICE-24,romaine,44,cases,2026-09-09T11:14:23+00:00
BOL-5133,PO-5133,Blue Mesa Farms,KAL-BCH-12,kale,30,cases,2026-09-09T14:01:11+00:00
BOL-5133,PO-5133,Blue Mesa Farms,TOM-VINE-25,tomatoes,48,cases,2026-09-09T14:01:11+00:00
BOL-5134,PO-5134,Fresh Farms,TOM-VINE-25,tomatoes,12,cases,2026-09-10T09:59:28+00:00
BOL-5135,PO-5135,Red River Produce,HRB-MIX-12,herbs,20,cases,2026-09-10T10:27:23+00:00
BOL-5136,PO-5136,High Desert Growers 2,BRO-CRN-20,broccoli,20,cases,2026-09-07T09:00:49+00:00
BOL-5137,PO-5137,Prairie Lot,SPI-BCH-24,spinach,30,cases,2026-09-08T13:30:04+00:00
BOL-5138,PO-5138,Red River Produce,LET-BIB-12,lettuce,50,cases,2026-09-07T08:35:31+00:00
BOL-5138,PO-5138,Red River Produce,ORG-CTN-40,oranges,30,cases,2026-09-07T08:35:31+00:00
BOL-5139,PO-5139,Fresh Farms,CAU-HD-12,cauliflower,50,cases,2026-09-12T11:11:12+00:00
BOL-5140,PO-5140,North Fork Cold 2,BLU-FLAT-12,blueberries,30,cases,2026-09-12T15:25:20+00:00
BOL-5140,PO-5140,North Fork Cold 2,ONI-SK-50,onions,20,cases,2026-09-12T15:25:20+00:00
BOL-5141,PO-5141,Blue Mesa Farms 3,ROM-ICE-24,romaine,60,cases,2026-09-09T08:02:12+00:00
BOL-5142,PO-5142,Fresh Farms,AVO-CS-48,avocado,50,cases,2026-09-08T13:51:35+00:00
BOL-5142,PO-5142,Fresh Farms,BRO-CRN-20,broccoli,20,cases,2026-09-08T13:51:35+00:00
BOL-5143,PO-5143,Red River Produce 2,SQU-YLW-20,squash,60,cases,2026-09-10T10:50:29+00:00
BOL-5143,PO-5143,Red River Produce 2,TOM-VINE-25,tomatoes,12,cases,2026-09-10T10:50:29+00:00
BOL-5144,PO-5144,CoolChain Farms,HRB-MIX-12,herbs,60,cases,2026-09-07T08:24:10+00:00
BOL-5145,PO-5145,Pacific Pack 2,CEL-BCH-30,celery,60,cases,2026-09-11T09:08:12+00:00
BOL-5146,PO-5146,Valley Mist 6,CEL-BCH-30,celery,40,cases,2026-09-09T08:26:37+00:00
BOL-5147,PO-5147,Sunridge Organics 3,LET-BIB-12,lettuce,48,cases,2026-09-07T15:05:41+00:00
BOL-5148,PO-5148,Pacific Pack 2,SPI-BCH-24,spinach,24,cases,2026-09-10T11:14:56+00:00
BOL-5149,PO-5149,Sierra Packing 2,ICE-HD-24,iceberg,24,cases,2026-09-08T10:52:04+00:00
BOL-5150,PO-5150,CoolChain Farms,ROM-ICE-24,romaine,40,cases,2026-09-07T14:21:45+00:00
BOL-5151,PO-5151,Sunridge Organics,ROM-ICE-24,romaine,12,cases,2026-09-09T09:43:15+00:00
BOL-5152,PO-5152,High Desert Growers,BET-BCH-20,beets,40,cases,2026-09-12T14:22:39+00:00
BOL-5153,PO-5153,Sunridge Organics,ROM-ICE-24,romaine,48,cases,2026-09-10T11:15:32+00:00
BOL-5154,PO-5154,Berry Grove Co 2,ICE-HD-24,iceberg,50,cases,2026-09-09T09:03:13+00:00
BOL-5154,PO-5154,Berry Grove Co 2,BLU-FLAT-12,blueberries,16,cases,2026-09-09T09:03:13+00:00
BOL-5155,PO-5155,Valley Mist,AVO-CS-48,avocado,60,cases,2026-09-07T09:15:46+00:00
BOL-5156,PO-5156,Red River Produce,ORG-CTN-40,oranges,16,cases,2026-09-09T07:37:24+00:00
BOL-5157,PO-5157,Blue Mesa Farms 3,KAL-BCH-12,kale,20,cases,2026-09-12T10:21:23+00:00
BOL-5158,PO-5158,Fresh Farms,KAL-BCH-12,kale,50,cases,2026-09-09T10:25:32+00:00
BOL-5158,PO-5158,Fresh Farms,TOM-VINE-25,tomatoes,60,cases,2026-09-09T10:25:32+00:00
BOL-5159,PO-5159,Berry Grove Co,SPI-BCH-24,spinach,40,cases,2026-09-08T12:13:20+00:00
BOL-5160,PO-5160,Prairie Lot 2,ROM-ICE-24,green beans,40,cases,2026-09-11T11:32:31+00:00
BOL-5161,PO-5161,Harbor Greens 3,CEL-BCH-30,celery,50,cases,2026-09-12T11:58:19+00:00
BOL-5162,PO-5162,Prairie Lot,CAR-BAG-50,carrots,20,cases,2026-09-12T13:40:49+00:00
BOL-5163,PO-5163,Coastal Crisp 4,STR-CLAM-12,strawberries,16,cases,2026-09-10T12:17:49+00:00
BOL-5164,PO-5164,Fresh Farms,ICE-HD-24,iceberg,50,cases,2026-09-07T09:40:26+00:00
BOL-5165,PO-5165,Harbor Greens,KAL-BCH-12,kale,20,cases,2026-09-10T11:25:13+00:00
BOL-5166,PO-5166,Valley Mist,ZUC-CS-20,zucchini,30,cases,2026-09-12T09:55:34+00:00
BOL-5167,PO-5167,GreenLeaf Produce,LIM-CTN-40,limes,30,cases,2026-09-09T15:10:15+00:00
BOL-5168,PO-5168,North Fork Cold,BET-BCH-20,beets,30,cases,2026-09-10T12:53:45+00:00
BOL-5169,PO-5169,Pacific Pack,HRB-MIX-12,herbs,20,cases,2026-09-07T12:46:34+00:00
BOL-5170,PO-5170,Fresh Farms,CRN-EAR-48,corn,24,cases,2026-09-07T15:09:45+00:00
BOL-5171,PO-5171,Harbor Greens,CEL-BCH-30,celery,24,cases,2026-09-11T09:18:59+00:00
BOL-5171,PO-5171,Harbor Greens,ROM-ICE-24,romaine,60,cases,2026-09-11T09:18:59+00:00
BOL-5172,PO-5172,High Desert Growers,PEP-BLST-20,peppers,20,cases,2026-09-10T07:26:06+00:00
BOL-5173,PO-5173,Berry Grove Co,GBN-CTN-20,green beans,50,cases,2026-09-12T15:20:59+00:00
BOL-5174,PO-5174,North Fork Cold 5,STR-CLAM-12,strawberries,12,cases,2026-09-08T12:30:03+00:00
BOL-5175,PO-5175,GreenLeaf Produce 6,AVO-CS-48,avocado,50,cases,2026-09-08T14:08:11+00:00
BOL-5176,PO-5176,Prairie Lot 5,BRO-CRN-20,broccoli,16,cases,2026-09-12T15:12:55+00:00
BOL-5176,PO-5176,Prairie Lot 5,SPI-BCH-24,spinach,60,cases,2026-09-12T15:12:55+00:00
BOL-5177,PO-5177,North Fork Cold 4,ZUC-CS-20,zucchini,40,cases,2026-09-09T15:00:08+00:00
BOL-5178,PO-5178,GreenLeaf Produce,KAL-BCH-12,kale,30,cases,2026-09-07T10:54:41+00:00
BOL-5178,PO-5178,GreenLeaf Produce,CEL-BCH-30,celery,48,cases,2026-09-07T10:54:41+00:00
BOL-5179,PO-5179,Fresh Farms,BET-BCH-20,beets,12,cases,2026-09-08T10:25:42+00:00
BOL-5180,PO-5180,GreenLeaf Produce,POT-RUS-50,potatoes,12,cases,2026-09-08T10:48:48+00:00
BOL-5181,PO-5181,Fresh Farms,STR-CLAM-12,strawberries,60,cases,2026-09-10T12:54:15+00:00
BOL-5182,PO-5182,Valley Mist 6,STR-CLAM-12,strawberries,20,cases,2026-09-10T12:27:58+00:00
BOL-5183,PO-5183,Valley Mist,ICE-HD-24,iceberg,52,cases,2026-09-07T13:22:38+00:00
BOL-5184,PO-5184,GreenLeaf Produce 2,BLU-FLAT-12,blueberries,40,cases,2026-09-10T12:48:48+00:00
BOL-5185,PO-5185,Coastal Crisp 5,ROM-ICE-24,romaine,40,cases,2026-09-07T14:04:35+00:00
BOL-5186,PO-5186,Fresh Farms 3,BLU-FLAT-12,blueberries,12,cases,2026-09-09T12:48:13+00:00
BOL-5186,PO-5186,Fresh Farms 3,ROM-ICE-24,romaine,48,cases,2026-09-09T12:48:13+00:00
BOL-5187,PO-5187,North Fork Cold 2,AVO-CS-48,avocado,12,cases,2026-09-09T11:46:29+00:00
BOL-5188,PO-5188,Valley Mist,ROM-ICE-24,romaine,16,cases,2026-09-09T07:23:27+00:00
BOL-5189,PO-5189,Sunridge Organics 3,CUC-CTN-24,cucumbers,48,cases,2026-09-07T10:29:11+00:00
BOL-5190,PO-5190,Harbor Greens 4,PEP-BLST-20,peppers,60,cases,2026-09-12T10:15:28+00:00
BOL-5191,PO-5191,Berry Grove Co,ROM-ICE-24,romaine,24,cases,2026-09-10T09:58:07+00:00
BOL-5192,PO-5192,Sunridge Organics,BLU-FLAT-12,blueberries,24,cases,2026-09-10T15:20:19+00:00
BOL-5193,PO-5193,Berry Grove Co,ROM-ICE-24,romaine,48,cases,2026-09-09T08:19:17+00:00
BOL-5194,PO-5194,Fresh Farms,CAR-BAG-50,carrots,50,cases,2026-09-11T14:32:56+00:00
BOL-5194,PO-5194,Fresh Farms,PEP-BLST-20,peppers,12,cases,2026-09-11T14:32:56+00:00
BOL-5195,PO-5195,Berry Grove Co,LET-BIB-12,lettuce,20,cases,2026-09-10T10:25:28+00:00
BOL-5196,PO-5196,Sierra Packing 5,CAR-BAG-50,carrots,40,cases,2026-09-12T08:59:52+00:00
BOL-5197,PO-5197,Sierra Packing,ROM-ICE-24,romaine,20,cases,2026-09-08T08:13:42+00:00
BOL-5198,PO-5198,Fresh Farms,PEP-BLST-20,peppers,60,cases,2026-09-10T11:44:31+00:00
BOL-5199,PO-5199,CoolChain Farms,ICE-HD-24,iceberg,24,cases,2026-09-10T10:29:09+00:00
BOL-5200,PO-5200,Harbor Greens,ROM-ICE-24,romaine,24,cases,2026-09-11T14:48:03+00:00
BOL-5201,PO-5201,Harbor Greens 5,POT-RUS-50,potatoes,24,cases,2026-09-07T12:31:05+00:00
BOL-5201,PO-5201,Harbor Greens 5,SPI-BCH-24,spinach,12,cases,2026-09-07T12:31:05+00:00
BOL-5202,PO-5202,Berry Grove Co 3,STR-CLAM-12,strawberries,40,cases,2026-09-07T13:29:37+00:00
BOL-5203,PO-5203,CoolChain Farms 6,ORG-CTN-40,oranges,50,cases,2026-09-12T07:07:13+00:00
BOL-5203,PO-5203,CoolChain Farms 6,ONI-SK-50,onions,24,cases,2026-09-12T07:07:13+00:00
BOL-5204,PO-5204,North Fork Cold 3,CUC-CTN-24,cucumbers,30,cases,2026-09-12T11:42:20+00:00
BOL-5205,PO-5205,Fresh Farms,SQU-YLW-20,squash,24,cases,2026-09-09T11:14:29+00:00
BOL-5206,PO-5206,Blue Mesa Farms 4,SPI-BCH-24,spinach,48,cases,2026-09-08T07:23:36+00:00
BOL-5206,PO-5206,Blue Mesa Farms 4,ROM-ICE-24,romaine,40,cases,2026-09-08T07:23:36+00:00
BOL-5207,PO-5207,North Fork Cold,KAL-BCH-12,kale,50,cases,2026-09-08T14:06:15+00:00
BOL-5208,PO-5208,GreenLeaf Produce 3,POT-RUS-50,potatoes,50,cases,2026-09-10T10:55:10+00:00
BOL-5209,PO-5209,North Fork Cold 6,MSH-CTN-10,mushrooms,12,cases,2026-09-12T11:37:41+00:00
BOL-5209,PO-5209,North Fork Cold 6,ROM-ICE-24,romaine,24,cases,2026-09-12T11:37:41+00:00
BOL-5210,PO-5210,Valley Mist,BET-BCH-20,beets,50,cases,2026-09-07T11:18:29+00:00
BOL-5211,PO-5211,Harbor Greens,POT-RUS-50,potatoes,60,cases,2026-09-09T07:03:34+00:00
BOL-5211,PO-5211,Harbor Greens,ROM-ICE-24,romaine,48,cases,2026-09-09T07:03:34+00:00
BOL-5212,PO-5212,Fresh Farms,SPI-BCH-24,spinach,40,cases,2026-09-07T07:49:33+00:00
BOL-5213,PO-5213,Red River Produce 6,ORG-CTN-40,oranges,24,cases,2026-09-11T07:40:23+00:00
BOL-5214,PO-5214,Coastal Crisp 2,ROM-ICE-24,romaine,48,cases,2026-09-10T14:14:05+00:00
BOL-5215,PO-5215,Fresh Farms,MSH-CTN-10,mushrooms,40,cases,2026-09-09T07:28:40+00:00
BOL-5215,PO-5215,Fresh Farms,LIM-CTN-40,limes,16,cases,2026-09-09T07:28:40+00:00
BOL-5216,PO-5216,Coastal Crisp 5,ICE-HD-24,iceberg,12,cases,2026-09-12T08:57:13+00:00
BOL-5217,PO-5217,Blue Mesa Farms,BET-BCH-20,beets,40,cases,2026-09-10T09:23:57+00:00
BOL-5217,PO-5217,Blue Mesa Farms,LMN-CTN-40,lemons,20,cases,2026-09-10T09:23:57+00:00
BOL-5218,PO-5218,Harbor Greens,AVO-CS-48,avocado,60,cases,2026-09-12T09:33:10+00:00
BOL-5219,PO-5219,Sierra Packing 3,ICE-HD-24,iceberg,40,cases,2026-09-08T13:18:08+00:00
BOL-5220,PO-5220,Fresh Farms,HRB-MIX-12,herbs,48,cases,2026-09-07T08:58:53+00:00
BOL-5221,PO-5221,Sunridge Organics 7,BRO-CRN-20,broccoli,48,cases,2026-09-07T09:19:50+00:00
BOL-5222,PO-5222,Pacific Pack,STR-CLAM-12,strawberries,16,cases,2026-09-07T11:59:42+00:00
BOL-5223,PO-5223,Red River Produce 3,SPI-BCH-24,spinach,16,cases,2026-09-08T10:14:45+00:00
BOL-5224,PO-5224,Valley Mist,ROM-ICE-24,romaine,48,cases,2026-09-07T09:37:28+00:00
BOL-5224,PO-5224,Valley Mist,BRO-CRN-20,broccoli,60,cases,2026-09-07T09:37:28+00:00
BOL-5225,PO-5225,Harbor Greens,KAL-BCH-12,kale,48,cases,2026-09-07T07:45:22+00:00
BOL-5226,PO-5226,Fresh Farms,LIM-CTN-40,limes,60,cases,2026-09-08T10:18:49+00:00
BOL-5227,PO-5227,CoolChain Farms,STR-CLAM-12,strawberries,30,cases,2026-09-08T08:11:17+00:00
BOL-5227,PO-5227,CoolChain Farms,SPI-BCH-24,spinach,16,cases,2026-09-08T08:11:17+00:00
BOL-5228,PO-5228,Valley Mist 2,TOM-VINE-25,tomatoes,20,cases,2026-09-08T09:06:46+00:00
BOL-5229,PO-5229,Coastal Crisp 4,KAL-BCH-12,kale,40,cases,2026-09-07T10:22:21+00:00
BOL-5230,PO-5230,Fresh Farms 7,CAR-BAG-50,carrots,24,cases,2026-09-11T14:20:41+00:00
BOL-5231,PO-5231,GreenLeaf Produce,LMN-CTN-40,lemons,24,cases,2026-09-07T10:23:20+00:00
BOL-5232,PO-5232,Pacific Pack,STR-CLAM-12,strawberries,60,cases,2026-09-08T13:58:50+00:00
BOL-5233,PO-5233,Sunridge Organics 6,STR-CLAM-12,strawberries,30,cases,2026-09-10T11:41:01+00:00
BOL-5234,PO-5234,Blue Mesa Farms 3,CEL-BCH-30,celery,24,cases,2026-09-07T14:14:50+00:00
BOL-5235,PO-5235,Sierra Packing 3,CAR-BAG-50,carrots,48,cases,2026-09-10T13:06:27+00:00
BOL-5236,PO-5236,Harbor Greens 2,RAD-BCH-24,radish,16,cases,2026-09-07T15:15:23+00:00
BOL-5237,PO-5237,High Desert Growers 2,CUC-CTN-24,cucumbers,48,cases,2026-09-10T10:01:10+00:00
BOL-5238,PO-5238,Fresh Farms,CRN-EAR-48,corn,60,cases,2026-09-12T10:40:06+00:00
BOL-5239,PO-5239,Valley Mist,CAR-BAG-50,carrots,60,cases,2026-09-10T08:53:28+00:00
BOL-5240,PO-5240,Fresh Farms,ROM-ICE-24,romaine,20,cases,2026-09-08T07:12:30+00:00
BOL-5241,PO-5241,Berry Grove Co,ROM-ICE-24,romaine,50,cases,2026-09-08T10:53:50+00:00
BOL-5242,PO-5242,Prairie Lot 2,CUC-CTN-24,cucumbers,20,cases,2026-09-07T07:22:51+00:00
BOL-5243,PO-5243,CoolChain Farms,STR-CLAM-12,strawberries,48,cases,2026-09-09T11:42:10+00:00
BOL-5244,PO-5244,High Desert Growers,GBN-CTN-20,green beans,50,cases,2026-09-07T12:27:42+00:00
BOL-5245,PO-5245,Harbor Greens 2,ONI-SK-50,onions,16,cases,2026-09-09T10:19:00+00:00
BOL-5246,PO-5246,Berry Grove Co,ROM-ICE-24,romaine,50,cases,2026-09-07T14:26:34+00:00
BOL-5247,PO-5247,Pacific Pack,KAL-BCH-12,kale,50,cases,2026-09-12T09:40:38+00:00
BOL-5248,PO-5248,Harbor Greens 3,PEP-BLST-20,peppers,40,cases,2026-09-07T12:44:45+00:00
BOL-5249,PO-5249,Valley Mist,AVO-CS-48,avocado,20,cases,2026-09-08T07:59:11+00:00
BOL-5250,PO-5250,Pacific Pack 2,BET-BCH-20,beets,20,cases,2026-09-08T08:35:31+00:00
BOL-5251,PO-5251,Berry Grove Co,ASP-BCH-11,asparagus,12,cases,2026-09-07T09:27:08+00:00
BOL-5252,PO-5252,Blue Mesa Farms 6,AVO-CS-48,potatoes,50,cases,2026-09-07T13:57:24+00:00
BOL-5253,PO-5253,Fresh Farms,SPI-BCH-24,spinach,60,cases,2026-09-09T07:42:36+00:00
BOL-5254,PO-5254,CoolChain Farms 3,ROM-ICE-24,romaine,16,cases,2026-09-07T10:54:36+00:00
BOL-5255,PO-5255,Blue Mesa Farms,TOM-VINE-25,tomatoes,24,cases,2026-09-11T14:01:23+00:00
BOL-5256,PO-5256,Pacific Pack 3,ROM-ICE-24,romaine,30,cases,2026-09-07T14:04:41+00:00
BOL-5257,PO-5257,Blue Mesa Farms 4,STR-CLAM-12,strawberries,40,cases,2026-09-11T07:44:28+00:00
BOL-5258,PO-5258,Berry Grove Co 4,BLU-FLAT-12,blueberries,60,cases,2026-09-10T13:41:13+00:00
BOL-5259,PO-5259,GreenLeaf Produce,BLU-FLAT-12,avocado,16,cases,2026-09-08T13:00:18+00:00
BOL-5260,PO-5260,Harbor Greens 4,ROM-ICE-24,romaine,20,cases,2026-09-12T15:28:17+00:00
BOL-5261,PO-5261,Red River Produce 2,CEL-BCH-30,celery,48,cases,2026-09-11T13:29:53+00:00
BOL-5261,PO-5261,Red River Produce 2,TOM-VINE-25,tomatoes,16,cases,2026-09-11T13:29:53+00:00
BOL-5262,PO-5262,GreenLeaf Produce 6,ICE-HD-24,iceberg,12,cases,2026-09-09T09:22:44+00:00
BOL-5263,PO-5263,Sunridge Organics 2,CAB-GRN-20,cabbage,48,cases,2026-09-10T10:54:40+00:00
BOL-5264,PO-5264,CoolChain Farms,BRO-CRN-20,broccoli,50,cases,2026-09-11T11:13:17+00:00
BOL-5265,PO-5265,Fresh Farms,TOM-VINE-25,tomatoes,16,cases,2026-09-11T13:30:03+00:00
BOL-5266,PO-5266,Berry Grove Co,GBN-CTN-20,green beans,30,cases,2026-09-09T07:00:27+00:00
BOL-5267,PO-5267,Fresh Farms,KAL-BCH-12,kale,20,cases,2026-09-11T14:28:17+00:00
BOL-5268,PO-5268,Blue Mesa Farms 2,ROM-ICE-24,romaine,16,cases,2026-09-08T09:36:46+00:00
BOL-5269,PO-5269,GreenLeaf Produce 2,ROM-ICE-24,romaine,40,cases,2026-09-07T07:39:08+00:00
BOL-5270,PO-5270,Berry Grove Co,ROM-ICE-24,romaine,40,cases,2026-09-10T11:04:04+00:00
BOL-5271,PO-5271,Sunridge Organics 3,PEP-BLST-20,peppers,8,cases,2026-09-11T08:10:24+00:00
BOL-5272,PO-5272,Coastal Crisp,CRN-EAR-48,corn,48,cases,2026-09-07T12:32:10+00:00
BOL-5273,PO-5273,Fresh Farms,ROM-ICE-24,romaine,48,cases,2026-09-10T14:20:13+00:00
BOL-5273,PO-5273,Fresh Farms,SPI-BCH-24,spinach,20,cases,2026-09-10T14:20:13+00:00
BOL-5274,PO-5274,GreenLeaf Produce 2,LET-BIB-12,lettuce,12,cases,2026-09-10T09:07:35+00:00
BOL-5275,PO-5275,CoolChain Farms 2,SPI-BCH-24,spinach,12,cases,2026-09-11T08:45:33+00:00
BOL-5276,PO-5276,North Fork Cold,GBN-CTN-20,green beans,12,cases,2026-09-09T07:57:15+00:00
BOL-5276,PO-5276,North Fork Cold,BET-BCH-20,beets,20,cases,2026-09-09T07:57:15+00:00
BOL-5277,PO-5277,Valley Mist,ICE-HD-24,iceberg,16,cases,2026-09-11T11:51:26+00:00
BOL-5278,PO-5278,Berry Grove Co,AVO-CS-48,avocado,30,cases,2026-09-09T07:07:16+00:00
BOL-5279,PO-5279,High Desert Growers,BLU-FLAT-12,blueberries,20,cases,2026-09-10T13:32:26+00:00
BOL-5279,PO-5279,High Desert Growers,ROM-ICE-24,romaine,16,cases,2026-09-10T13:32:26+00:00
BOL-5280,PO-5280,Fresh Farms,CEL-BCH-30,celery,16,cases,2026-09-12T15:18:51+00:00
BOL-5281,PO-5281,Berry Grove Co,TOM-VINE-25,tomatoes,50,cases,2026-09-10T13:13:54+00:00
BOL-5281,PO-5281,Berry Grove Co,CAR-BAG-50,carrots,30,cases,2026-09-10T13:13:54+00:00
BOL-5282,PO-5282,Fresh Farms,ROM-ICE-24,romaine,44,cases,2026-09-10T13:19:11+00:00
BOL-5282,PO-5282,Fresh Farms,BLU-FLAT-12,blueberries,26,cases,2026-09-10T13:19:11+00:00
BOL-5283,PO-5283,GreenLeaf Produce,ROM-ICE-24,romaine,48,cases,2026-09-07T13:39:55+00:00
BOL-5284,PO-5284,Berry Grove Co 7,TOM-VINE-25,tomatoes,40,cases,2026-09-09T09:14:45+00:00
BOL-5284,PO-5284,Berry Grove Co 7,ICE-HD-24,iceberg,20,cases,2026-09-09T09:14:45+00:00
BOL-5285,PO-5285,Pacific Pack 5,STR-CLAM-12,strawberries,60,cases,2026-09-07T13:35:06+00:00
BOL-5286,PO-5286,Fresh Farms,ROM-ICE-24,romaine,12,cases,2026-09-11T07:06:15+00:00
BOL-5287,PO-5287,Coastal Crisp 2,AVO-CS-48,avocado,40,cases,2026-09-11T13:05:47+00:00
BOL-5288,PO-5288,Fresh Farms,STR-CLAM-12,strawberries,60,cases,2026-09-11T11:52:23+00:00
BOL-5289,PO-5289,Sunridge Organics,SPI-BCH-24,spinach,16,cases,2026-09-12T07:35:56+00:00
BOL-5290,PO-5290,GreenLeaf Produce,STR-CLAM-12,strawberries,40,cases,2026-09-09T10:08:12+00:00
BOL-5291,PO-5291,North Fork Cold 3,LET-BIB-12,lettuce,24,cases,2026-09-12T15:30:49+00:00
BOL-5292,PO-5292,Blue Mesa Farms,GBN-CTN-20,green beans,40,cases,2026-09-12T07:12:14+00:00
BOL-5293,PO-5293,CoolChain Farms 3,BLU-FLAT-12,blueberries,24,cases,2026-09-10T10:12:54+00:00
BOL-5293,PO-5293,CoolChain Farms 3,ICE-HD-24,iceberg,12,cases,2026-09-10T10:12:54+00:00
BOL-5294,PO-5294,Harbor Greens 5,CAU-HD-12,cauliflower,50,cases,2026-09-10T07:47:02+00:00
BOL-5295,PO-5295,GreenLeaf Produce 4,ROM-ICE-24,romaine,20,cases,2026-09-07T08:08:40+00:00
BOL-5296,PO-5296,Prairie Lot 5,POT-RUS-50,potatoes,40,cases,2026-09-08T14:15:20+00:00
BOL-5297,PO-5297,Fresh Farms,ROM-ICE-24,romaine,50,cases,2026-09-08T07:38:12+00:00
BOL-5297,PO-5297,Fresh Farms,SPI-BCH-24,spinach,16,cases,2026-09-08T07:38:12+00:00
BOL-5298,PO-5298,Coastal Crisp,ROM-ICE-24,romaine,20,cases,2026-09-08T13:34:13+00:00
BOL-5299,PO-5299,GreenLeaf Produce 2,KAL-BCH-12,kale,16,cases,2026-09-08T13:00:44+00:00
BOL-5300,PO-5300,Fresh Farms,ORG-CTN-40,oranges,12,cases,2026-09-12T10:22:32+00:00
BOL-5301,PO-5301,Blue Mesa Farms,ZUC-CS-20,zucchini,20,cases,2026-09-11T11:44:47+00:00
BOL-5302,PO-5302,Valley Mist 7,AVO-CS-48,avocado,16,cases,2026-09-07T14:05:49+00:00
BOL-5303,PO-5303,Fresh Farms,CUC-CTN-24,cucumbers,20,cases,2026-09-09T14:49:52+00:00
BOL-5304,PO-5304,CoolChain Farms,ROM-ICE-24,lemons,48,cases,2026-09-11T14:04:51+00:00
BOL-5305,PO-5305,High Desert Growers,STR-CLAM-12,strawberries,30,cases,2026-09-09T10:15:43+00:00
BOL-5306,PO-5306,Valley Mist 2,ICE-HD-24,iceberg,60,cases,2026-09-11T07:17:39+00:00
BOL-5307,PO-5307,Fresh Farms,CAB-GRN-20,cabbage,24,cases,2026-09-07T09:23:24+00:00
BOL-5308,PO-5308,Blue Mesa Farms,BRO-CRN-20,broccoli,40,cases,2026-09-11T10:03:30+00:00
BOL-5309,PO-5309,GreenLeaf Produce 2,LET-BIB-12,lettuce,12,cases,2026-09-08T07:13:20+00:00
BOL-5310,PO-5310,Red River Produce 7,CUC-CTN-24,cucumbers,30,cases,2026-09-09T13:32:37+00:00
BOL-5310,PO-5310,Red River Produce 7,ZUC-CS-20,zucchini,12,cases,2026-09-09T13:32:37+00:00
BOL-5311,PO-5311,Pacific Pack,CAR-BAG-50,carrots,40,cases,2026-09-09T15:23:51+00:00
BOL-5312,PO-5312,High Desert Growers 6,HRB-MIX-12,herbs,50,cases,2026-09-07T12:58:22+00:00
BOL-5312,PO-5312,High Desert Growers 6,SPI-BCH-24,spinach,50,cases,2026-09-07T12:58:22+00:00
BOL-5313,PO-5313,Berry Grove Co,KAL-BCH-12,kale,24,cases,2026-09-07T08:59:38+00:00
BOL-5314,PO-5314,Prairie Lot 3,ROM-ICE-24,romaine,20,cases,2026-09-08T08:30:58+00:00
BOL-5314,PO-5314,Prairie Lot 3,MSH-CTN-10,mushrooms,40,cases,2026-09-08T08:30:58+00:00
BOL-5315,PO-5315,Pacific Pack,KAL-BCH-12,kale,20,cases,2026-09-08T15:02:42+00:00
BOL-5316,PO-5316,Berry Grove Co,BET-BCH-20,beets,40,cases,2026-09-12T12:32:20+00:00
BOL-5317,PO-5317,Pacific Pack,ROM-ICE-24,romaine,12,cases,2026-09-10T13:57:11+00:00
BOL-5318,PO-5318,Sunridge Organics 7,CAR-BAG-50,carrots,24,cases,2026-09-12T10:20:54+00:00
BOL-5318,PO-5318,Sunridge Organics 7,ROM-ICE-24,romaine,16,cases,2026-09-12T10:20:54+00:00
BOL-5319,PO-5319,GreenLeaf Produce 5,PEP-BLST-20,peppers,40,cases,2026-09-12T08:25:40+00:00
BOL-5320,PO-5320,Blue Mesa Farms 2,ROM-ICE-24,romaine,12,cases,2026-09-07T08:47:15+00:00
BOL-5321,PO-5321,GreenLeaf Produce 5,KAL-BCH-12,kale,48,cases,2026-09-09T10:34:10+00:00
BOL-5322,PO-5322,Prairie Lot,TOM-VINE-25,tomatoes,12,cases,2026-09-11T13:43:55+00:00
BOL-5323,PO-5323,Fresh Farms,STR-CLAM-12,strawberries,16,cases,2026-09-07T09:13:06+00:00
BOL-5324,PO-5324,North Fork Cold,CUC-CTN-24,cucumbers,48,cases,2026-09-09T12:14:57+00:00
BOL-5325,PO-5325,Berry Grove Co 7,POT-RUS-50,potatoes,60,cases,2026-09-07T09:49:13+00:00
BOL-5326,PO-5326,Fresh Farms,MSH-CTN-10,mushrooms,20,cases,2026-09-10T09:32:15+00:00
BOL-5327,PO-5327,GreenLeaf Produce,ICE-HD-24,iceberg,16,cases,2026-09-08T10:38:05+00:00
BOL-5328,PO-5328,GreenLeaf Produce 7,SPI-BCH-24,spinach,48,cases,2026-09-07T12:26:18+00:00
BOL-5329,PO-5329,Fresh Farms,KAL-BCH-12,kale,48,cases,2026-09-09T12:38:16+00:00
BOL-5330,PO-5330,Sunridge Organics,BRO-CRN-20,broccoli,20,cases,2026-09-09T09:14:28+00:00
BOL-5331,PO-5331,Fresh Farms 4,CAR-BAG-50,carrots,60,cases,2026-09-07T12:42:22+00:00
BOL-5332,PO-5332,High Desert Growers,BET-BCH-20,beets,24,cases,2026-09-11T13:59:33+00:00
BOL-5333,PO-5333,Red River Produce 4,CAU-HD-12,cauliflower,20,cases,2026-09-08T10:22:57+00:00
BOL-5334,PO-5334,Coastal Crisp 6,ZUC-CS-20,zucchini,20,cases,2026-09-12T10:49:11+00:00
BOL-5335,PO-5335,Berry Grove Co,CAR-BAG-50,carrots,40,cases,2026-09-07T12:49:27+00:00
BOL-5335,PO-5335,Berry Grove Co,ROM-ICE-24,romaine,60,cases,2026-09-07T12:49:27+00:00
BOL-5336,PO-5336,Sierra Packing,CEL-BCH-30,celery,60,cases,2026-09-09T14:18:17+00:00
BOL-5337,PO-5337,Prairie Lot,BET-BCH-20,beets,16,cases,2026-09-07T08:16:09+00:00
BOL-5338,PO-5338,Harbor Greens 4,SPI-BCH-24,spinach,50,cases,2026-09-11T13:42:18+00:00
BOL-5339,PO-5339,GreenLeaf Produce,PEP-BLST-20,peppers,48,cases,2026-09-09T07:19:11+00:00
BOL-5340,PO-5340,Sierra Packing 2,RAD-BCH-24,radish,40,cases,2026-09-08T14:30:21+00:00
BOL-5341,PO-5341,CoolChain Farms,PEP-BLST-20,peppers,24,cases,2026-09-08T13:46:19+00:00
BOL-5342,PO-5342,Sunridge Organics 3,AVO-CS-48,avocado,16,cases,2026-09-08T13:20:28+00:00
BOL-5343,PO-5343,Pacific Pack,ASP-BCH-11,asparagus,12,cases,2026-09-09T14:47:52+00:00
BOL-5344,PO-5344,Prairie Lot 2,MSH-CTN-10,mushrooms,12,cases,2026-09-11T07:33:19+00:00
BOL-5344,PO-5344,Prairie Lot 2,STR-CLAM-12,strawberries,24,cases,2026-09-11T07:33:19+00:00
BOL-5345,PO-5345,Blue Mesa Farms 5,KAL-BCH-12,kale,50,cases,2026-09-08T10:53:03+00:00
BOL-5346,PO-5346,Red River Produce 2,CAR-BAG-50,carrots,20,cases,2026-09-08T14:52:07+00:00
BOL-5347,PO-5347,Berry Grove Co,PEP-BLST-20,peppers,30,cases,2026-09-09T09:59:22+00:00
BOL-5348,PO-5348,Prairie Lot,CUC-CTN-24,cucumbers,24,cases,2026-09-08T08:23:54+00:00
BOL-5349,PO-5349,Blue Mesa Farms 4,RAD-BCH-24,radish,20,cases,2026-09-10T11:22:01+00:00
BOL-5349,PO-5349,Blue Mesa Farms 4,CAB-GRN-20,cabbage,24,cases,2026-09-10T11:22:01+00:00
BOL-5350,PO-5350,Prairie Lot 2,AVO-CS-48,avocado,48,cases,2026-09-09T15:02:19+00:00
BOL-5351,PO-5351,CoolChain Farms,AVO-CS-48,avocado,16,cases,2026-09-09T08:51:29+00:00
BOL-5352,PO-5352,High Desert Growers 4,CAR-BAG-50,carrots,30,cases,2026-09-09T12:39:53+00:00
BOL-5353,PO-5353,High Desert Growers 7,SPI-BCH-24,spinach,30,cases,2026-09-07T07:32:21+00:00
BOL-5354,PO-5354,High Desert Growers 5,KAL-BCH-12,kale,20,cases,2026-09-07T13:31:15+00:00
BOL-5355,PO-5355,GreenLeaf Produce,POT-RUS-50,potatoes,24,cases,2026-09-10T15:30:18+00:00
BOL-5356,PO-5356,Sierra Packing,PEP-BLST-20,peppers,60,cases,2026-09-10T08:53:43+00:00
BOL-5357,PO-5357,Fresh Farms 5,TOM-VINE-25,tomatoes,30,cases,2026-09-11T14:10:42+00:00
BOL-5358,PO-5358,High Desert Growers 5,KAL-BCH-12,kale,30,cases,2026-09-10T08:33:43+00:00
BOL-5358,PO-5358,High Desert Growers 5,CAB-GRN-20,cabbage,40,cases,2026-09-10T08:33:43+00:00
BOL-5359,PO-5359,North Fork Cold 4,CEL-BCH-30,celery,16,cases,2026-09-08T09:30:29+00:00
BOL-5359,PO-5359,North Fork Cold 4,GBN-CTN-20,green beans,60,cases,2026-09-08T09:30:29+00:00
BOL-5360,PO-5360,CoolChain Farms,ROM-ICE-24,romaine,24,cases,2026-09-11T10:15:33+00:00
BOL-5361,PO-5361,Sunridge Organics 5,ASP-BCH-11,asparagus,16,cases,2026-09-08T11:51:57+00:00
BOL-5361,PO-5361,Sunridge Organics 5,KAL-BCH-12,kale,14,cases,2026-09-08T11:51:57+00:00
BOL-5362,PO-5362,Berry Grove Co,STR-CLAM-12,strawberries,16,cases,2026-09-07T10:51:17+00:00
BOL-5363,PO-5363,Pacific Pack,ROM-ICE-24,romaine,24,cases,2026-09-10T12:24:27+00:00
BOL-5364,PO-5364,High Desert Growers 3,PEP-BLST-20,peppers,24,cases,2026-09-12T14:36:20+00:00
BOL-5365,PO-5365,Fresh Farms,STR-CLAM-12,strawberries,12,cases,2026-09-11T09:39:08+00:00
BOL-5366,PO-5366,Sierra Packing,GBN-CTN-20,green beans,20,cases,2026-09-12T10:53:46+00:00
BOL-5367,PO-5367,Pacific Pack 3,RAD-BCH-24,radish,48,cases,2026-09-12T11:10:22+00:00
BOL-5368,PO-5368,Berry Grove Co,STR-CLAM-12,strawberries,40,cases,2026-09-08T13:12:08+00:00
BOL-5369,PO-5369,High Desert Growers 2,CAR-BAG-50,carrots,12,cases,2026-09-11T10:12:56+00:00
BOL-5370,PO-5370,Fresh Farms,AVO-CS-48,avocado,60,cases,2026-09-07T14:08:01+00:00
BOL-5371,PO-5371,Sierra Packing 2,CUC-CTN-24,cucumbers,60,cases,2026-09-10T08:45:44+00:00
BOL-5372,PO-5372,High Desert Growers,CEL-BCH-30,celery,30,cases,2026-09-10T12:58:08+00:00
BOL-5373,PO-5373,CoolChain Farms 2,LIM-CTN-40,limes,40,cases,2026-09-11T11:14:12+00:00
BOL-5374,PO-5374,North Fork Cold,ICE-HD-24,iceberg,24,cases,2026-09-08T07:20:35+00:00
BOL-5375,PO-5375,Fresh Farms,ROM-ICE-24,romaine,16,cases,2026-09-07T07:45:58+00:00
BOL-5376,PO-5376,Sunridge Organics 5,ORG-CTN-40,oranges,30,cases,2026-09-07T13:10:06+00:00
BOL-5377,PO-5377,Berry Grove Co,KAL-BCH-12,kale,40,cases,2026-09-09T07:51:52+00:00
BOL-5378,PO-5378,High Desert Growers 3,ROM-ICE-24,romaine,20,cases,2026-09-10T07:48:54+00:00
BOL-5378,PO-5378,High Desert Growers 3,CAU-HD-12,cauliflower,30,cases,2026-09-10T07:48:54+00:00
BOL-5379,PO-5379,Pacific Pack,AVO-CS-48,avocado,50,cases,2026-09-11T08:33:07+00:00
BOL-5380,PO-5380,Fresh Farms,HRB-MIX-12,herbs,20,cases,2026-09-11T08:25:07+00:00
BOL-5380,PO-5380,Fresh Farms,AVO-CS-48,avocado,50,cases,2026-09-11T08:25:07+00:00
BOL-5381,PO-5381,Pacific Pack,ASP-BCH-11,asparagus,20,cases,2026-09-10T08:32:39+00:00
BOL-5382,PO-5382,High Desert Growers,CUC-CTN-24,cucumbers,12,cases,2026-09-12T07:57:56+00:00
BOL-5382,PO-5382,High Desert Growers,BLU-FLAT-12,blueberries,24,cases,2026-09-12T07:57:56+00:00
BOL-5383,PO-5383,Sierra Packing 2,CUC-CTN-24,cucumbers,24,cases,2026-09-11T11:25:33+00:00
BOL-5383,PO-5383,Sierra Packing 2,KAL-BCH-12,kale,48,cases,2026-09-11T11:25:33+00:00
BOL-5384,PO-5384,High Desert Growers 7,BET-BCH-20,beets,60,cases,2026-09-11T11:45:57+00:00
BOL-5384,PO-5384,High Desert Growers 7,MSH-CTN-10,mushrooms,20,cases,2026-09-11T11:45:57+00:00
BOL-5385,PO-5385,CoolChain Farms,STR-CLAM-12,onions,48,cases,2026-09-10T09:44:15+00:00
BOL-5385,PO-5385,CoolChain Farms,ROM-ICE-24,herbs,50,cases,2026-09-10T09:44:15+00:00
BOL-5386,PO-5386,Coastal Crisp,CRN-EAR-48,corn,12,cases,2026-09-09T14:18:31+00:00
BOL-5387,PO-5387,Fresh Farms,LMN-CTN-40,lemons,30,cases,2026-09-08T11:45:35+00:00
BOL-5388,PO-5388,Coastal Crisp,ROM-ICE-24,romaine,24,cases,2026-09-09T12:35:42+00:00
BOL-5389,PO-5389,Sunridge Organics,TOM-VINE-25,tomatoes,16,cases,2026-09-09T12:17:38+00:00
BOL-5390,PO-5390,CoolChain Farms,SPI-BCH-24,spinach,60,cases,2026-09-10T08:53:00+00:00
BOL-5391,PO-5391,Berry Grove Co,CRN-EAR-48,corn,48,cases,2026-09-10T07:23:57+00:00
BOL-5392,PO-5392,Fresh Farms,SQU-YLW-20,squash,24,cases,2026-09-08T08:40:12+00:00
BOL-5393,PO-5393,Prairie Lot 5,LET-BIB-12,lettuce,50,cases,2026-09-07T10:32:02+00:00
BOL-5394,PO-5394,Fresh Farms,POT-RUS-50,potatoes,60,cases,2026-09-10T15:09:32+00:00
BOL-5394,PO-5394,Fresh Farms,SQU-YLW-20,squash,50,cases,2026-09-10T15:09:32+00:00
BOL-5395,PO-5395,Sierra Packing 2,ROM-ICE-24,romaine,48,cases,2026-09-11T14:46:11+00:00
BOL-5396,PO-5396,Red River Produce,CAR-BAG-50,carrots,24,cases,2026-09-09T14:31:20+00:00
BOL-5397,PO-5397,Coastal Crisp,CAR-BAG-50,carrots,60,cases,2026-09-08T09:55:18+00:00
BOL-5397,PO-5397,Coastal Crisp,MSH-CTN-10,mushrooms,60,cases,2026-09-08T09:55:18+00:00
BOL-5398,PO-5398,Pacific Pack 2,ONI-SK-50,onions,40,cases,2026-09-10T14:58:35+00:00
BOL-5399,PO-5399,Berry Grove Co 7,ONI-SK-50,onions,40,cases,2026-09-07T13:03:41+00:00
BOL-5400,PO-5400,Berry Grove Co 2,PEP-BLST-20,peppers,60,cases,2026-09-10T11:47:30+00:00
BOL-5401,PO-5401,Fresh Farms,ROM-ICE-24,romaine,12,cases,2026-09-11T10:36:51+00:00
BOL-5401,PO-5401,Fresh Farms,SPI-BCH-24,spinach,20,cases,2026-09-11T10:36:51+00:00
BOL-5402,PO-5402,Fresh Farms,BLU-FLAT-12,blueberries,40,cases,2026-09-10T08:14:53+00:00
BOL-5403,PO-5403,CoolChain Farms 3,BRO-CRN-20,broccoli,24,cases,2026-09-07T14:24:43+00:00
BOL-5404,PO-5404,GreenLeaf Produce,AVO-CS-48,herbs,48,cases,2026-09-11T13:48:44+00:00
BOL-5404,PO-5404,GreenLeaf Produce,SPI-BCH-24,strawberries,60,cases,2026-09-11T13:48:44+00:00
BOL-5405,PO-5405,Harbor Greens 4,RAD-BCH-24,radish,40,cases,2026-09-10T08:43:39+00:00
BOL-5406,PO-5406,North Fork Cold 3,STR-CLAM-12,strawberries,16,cases,2026-09-09T12:08:12+00:00
BOL-5407,PO-5407,Fresh Farms,BRO-CRN-20,broccoli,20,cases,2026-09-12T13:16:32+00:00
BOL-5408,PO-5408,CoolChain Farms,ROM-ICE-24,romaine,40,cases,2026-09-09T09:10:00+00:00
BOL-5409,PO-5409,CoolChain Farms 2,CAB-GRN-20,cabbage,54,cases,2026-09-07T14:57:40+00:00
BOL-5410,PO-5410,Berry Grove Co,CAB-GRN-20,cabbage,20,cases,2026-09-11T09:42:33+00:00
BOL-5411,PO-5411,Berry Grove Co,KAL-BCH-12,kale,30,cases,2026-09-09T07:47:22+00:00
BOL-5412,PO-5412,Sunridge Organics,LIM-CTN-40,limes,12,cases,2026-09-12T12:16:33+00:00
BOL-5413,PO-5413,Sunridge Organics 5,STR-CLAM-12,strawberries,12,cases,2026-09-10T10:48:15+00:00
BOL-5414,PO-5414,Blue Mesa Farms 3,BLU-FLAT-12,blueberries,30,cases,2026-09-11T10:15:58+00:00
BOL-5415,PO-5415,Valley Mist,ROM-ICE-24,romaine,24,cases,2026-09-12T14:00:49+00:00
BOL-5416,PO-5416,Berry Grove Co,CEL-BCH-30,celery,24,cases,2026-09-09T15:05:06+00:00
BOL-5417,PO-5417,Sierra Packing 2,SQU-YLW-20,squash,48,cases,2026-09-10T08:49:55+00:00
BOL-5418,PO-5418,Sierra Packing 2,KAL-BCH-12,kale,16,cases,2026-09-11T07:36:47+00:00
BOL-5419,PO-5419,Fresh Farms,AVO-CS-48,avocado,50,cases,2026-09-07T09:08:35+00:00
BOL-5420,PO-5420,Pacific Pack,CUC-CTN-24,cucumbers,16,cases,2026-09-08T09:41:01+00:00
BOL-5421,PO-5421,Red River Produce,SPI-BCH-24,spinach,16,cases,2026-09-11T10:03:59+00:00
BOL-5422,PO-5422,Pacific Pack,STR-CLAM-12,strawberries,24,cases,2026-09-10T10:44:24+00:00
BOL-5422,PO-5422,Pacific Pack,ROM-ICE-24,romaine,48,cases,2026-09-10T10:44:24+00:00
BOL-5423,PO-5423,GreenLeaf Produce,PEP-BLST-20,peppers,40,cases,2026-09-11T14:14:34+00:00
BOL-5423,PO-5423,GreenLeaf Produce,BRO-CRN-20,broccoli,60,cases,2026-09-11T14:14:34+00:00
BOL-5424,PO-5424,GreenLeaf Produce 2,ROM-ICE-24,romaine,24,cases,2026-09-07T07:02:36+00:00
BOL-5425,PO-5425,North Fork Cold 4,STR-CLAM-12,strawberries,30,cases,2026-09-07T14:43:41+00:00
BOL-5426,PO-5426,North Fork Cold 4,BRO-CRN-20,broccoli,30,cases,2026-09-07T13:49:36+00:00
BOL-5427,PO-5427,Berry Grove Co 3,KAL-BCH-12,kale,24,cases,2026-09-07T07:50:12+00:00
BOL-5428,PO-5428,Berry Grove Co,CEL-BCH-30,celery,30,cases,2026-09-08T07:35:57+00:00
BOL-5429,PO-5429,Valley Mist,STR-CLAM-12,strawberries,40,cases,2026-09-09T11:49:36+00:00
BOL-5430,PO-5430,High Desert Growers 2,ROM-ICE-24,romaine,40,cases,2026-09-11T13:04:47+00:00
BOL-5431,PO-5431,CoolChain Farms,CUC-CTN-24,cucumbers,16,cases,2026-09-09T10:03:49+00:00
BOL-5431,PO-5431,CoolChain Farms,ASP-BCH-11,asparagus,20,cases,2026-09-09T10:03:49+00:00
BOL-5432,PO-5432,Valley Mist 2,ROM-ICE-24,romaine,60,cases,2026-09-07T13:15:56+00:00
BOL-5432,PO-5432,Valley Mist 2,CAR-BAG-50,carrots,48,cases,2026-09-07T13:15:56+00:00
BOL-5433,PO-5433,GreenLeaf Produce,LET-BIB-12,lettuce,40,cases,2026-09-07T07:18:35+00:00
BOL-5434,PO-5434,GreenLeaf Produce 3,ICE-HD-24,iceberg,16,cases,2026-09-08T13:35:37+00:00
BOL-5434,PO-5434,GreenLeaf Produce 3,CUC-CTN-24,cucumbers,20,cases,2026-09-08T13:35:37+00:00
BOL-5435,PO-5435,Sunridge Organics 2,ICE-HD-24,iceberg,40,cases,2026-09-07T11:49:36+00:00
BOL-5436,PO-5436,Fresh Farms,PEP-BLST-20,peppers,60,cases,2026-09-08T11:09:14+00:00
BOL-5437,PO-5437,Fresh Farms,ONI-SK-50,onions,60,cases,2026-09-09T10:52:56+00:00
BOL-5438,PO-5438,GreenLeaf Produce,KAL-BCH-12,kale,48,cases,2026-09-11T14:07:47+00:00
BOL-5439,PO-5439,Fresh Farms,CAU-HD-12,cauliflower,60,cases,2026-09-09T14:39:53+00:00
BOL-5440,PO-5440,North Fork Cold,ROM-ICE-24,romaine,20,cases,2026-09-08T14:24:22+00:00
BOL-5441,PO-5441,High Desert Growers 2,STR-CLAM-12,strawberries,16,cases,2026-09-07T07:39:32+00:00
BOL-5442,PO-5442,Fresh Farms 3,ICE-HD-24,iceberg,20,cases,2026-09-08T13:55:21+00:00
BOL-5443,PO-5443,Fresh Farms,ROM-ICE-24,romaine,60,cases,2026-09-11T07:11:15+00:00
BOL-5444,PO-5444,Berry Grove Co,AVO-CS-48,avocado,12,cases,2026-09-11T08:15:03+00:00
BOL-5445,PO-5445,Berry Grove Co,ASP-BCH-11,asparagus,20,cases,2026-09-11T15:04:05+00:00
BOL-5446,PO-5446,Blue Mesa Farms 3,BLU-FLAT-12,blueberries,20,cases,2026-09-11T12:07:09+00:00
BOL-5447,PO-5447,Berry Grove Co 2,ROM-ICE-24,romaine,12,cases,2026-09-08T10:52:38+00:00
BOL-5448,PO-5448,Sierra Packing 2,STR-CLAM-12,strawberries,12,cases,2026-09-09T14:45:32+00:00
BOL-5449,PO-5449,North Fork Cold,BLU-FLAT-12,blueberries,12,cases,2026-09-09T08:00:05+00:00
BOL-5450,PO-5450,Valley Mist,TOM-VINE-25,tomatoes,50,cases,2026-09-10T11:27:26+00:00
BOL-5451,PO-5451,North Fork Cold 5,AVO-CS-48,avocado,30,cases,2026-09-08T13:51:47+00:00
BOL-5452,PO-5452,Fresh Farms,AVO-CS-48,avocado,24,cases,2026-09-11T14:45:54+00:00
BOL-5453,PO-5453,Prairie Lot,KAL-BCH-12,kale,24,cases,2026-09-10T13:44:00+00:00
BOL-5454,PO-5454,Fresh Farms,SPI-BCH-24,spinach,60,cases,2026-09-11T10:29:23+00:00
BOL-5455,PO-5455,Pacific Pack,CAB-GRN-20,cabbage,50,cases,2026-09-08T09:21:43+00:00
BOL-5456,PO-5456,GreenLeaf Produce,LET-BIB-12,lettuce,48,cases,2026-09-08T11:44:30+00:00
BOL-5457,PO-5457,Valley Mist 3,HRB-MIX-12,herbs,16,cases,2026-09-11T12:37:07+00:00
BOL-5458,PO-5458,Blue Mesa Farms,ROM-ICE-24,romaine,48,cases,2026-09-08T09:53:51+00:00
BOL-5459,PO-5459,Fresh Farms,ROM-ICE-24,romaine,24,cases,2026-09-07T07:46:52+00:00
BOL-5460,PO-5460,Berry Grove Co 6,BLU-FLAT-12,blueberries,12,cases,2026-09-09T13:10:24+00:00
BOL-5461,PO-5461,Berry Grove Co,BLU-FLAT-12,blueberries,24,cases,2026-09-10T10:44:00+00:00
BOL-5462,PO-5462,Blue Mesa Farms 2,ROM-ICE-24,romaine,24,cases,2026-09-11T11:21:33+00:00
BOL-5463,PO-5463,North Fork Cold 7,AVO-CS-48,avocado,24,cases,2026-09-07T08:20:05+00:00
BOL-5464,PO-5464,Blue Mesa Farms 5,SQU-YLW-20,squash,40,cases,2026-09-07T13:00:04+00:00
BOL-5465,PO-5465,CoolChain Farms 2,AVO-CS-48,avocado,12,cases,2026-09-12T09:21:14+00:00
BOL-5466,PO-5466,Fresh Farms,ROM-ICE-24,romaine,60,cases,2026-09-08T07:54:35+00:00
BOL-5467,PO-5467,Prairie Lot,KAL-BCH-12,kale,50,cases,2026-09-11T13:56:50+00:00
BOL-5468,PO-5468,Coastal Crisp,ASP-BCH-11,asparagus,50,cases,2026-09-10T15:12:49+00:00
BOL-5469,PO-5469,Sierra Packing 3,STR-CLAM-12,strawberries,40,cases,2026-09-08T10:15:40+00:00
BOL-5470,PO-5470,Fresh Farms,ROM-ICE-24,romaine,40,cases,2026-09-12T11:24:34+00:00
BOL-5471,PO-5471,CoolChain Farms,SPI-BCH-24,spinach,24,cases,2026-09-09T08:31:30+00:00
BOL-5472,PO-5472,GreenLeaf Produce,SPI-BCH-24,spinach,40,cases,2026-09-08T09:03:55+00:00
BOL-5473,PO-5473,Fresh Farms,ROM-ICE-24,romaine,60,cases,2026-09-11T08:01:58+00:00
BOL-5474,PO-5474,CoolChain Farms,ICE-HD-24,iceberg,60,cases,2026-09-11T10:10:39+00:00
BOL-5475,PO-5475,Fresh Farms,ICE-HD-24,iceberg,60,cases,2026-09-08T13:24:36+00:00
BOL-5476,PO-5476,Sierra Packing 2,ROM-ICE-24,romaine,60,cases,2026-09-09T10:21:55+00:00
BOL-5477,PO-5477,North Fork Cold 2,KAL-BCH-12,kale,30,cases,2026-09-08T07:04:00+00:00
BOL-5478,PO-5478,Sunridge Organics,STR-CLAM-12,strawberries,48,cases,2026-09-09T09:01:17+00:00
BOL-5479,PO-5479,Valley Mist,STR-CLAM-12,strawberries,20,cases,2026-09-08T13:25:23+00:00
BOL-5480,PO-5480,Fresh Farms 3,MSH-CTN-10,mushrooms,24,cases,2026-09-10T13:56:06+00:00
BOL-5481,PO-5481,Sunridge Organics,ICE-HD-24,iceberg,60,cases,2026-09-11T13:18:09+00:00
BOL-5482,PO-5482,CoolChain Farms,ROM-ICE-24,romaine,16,cases,2026-09-10T13:42:31+00:00
BOL-5483,PO-5483,High Desert Growers 4,KAL-BCH-12,kale,40,cases,2026-09-07T09:10:30+00:00
BOL-5484,PO-5484,GreenLeaf Produce,KAL-BCH-12,kale,24,cases,2026-09-09T14:57:51+00:00
BOL-5485,PO-5485,Berry Grove Co,PEP-BLST-20,peppers,50,cases,2026-09-09T12:32:34+00:00
BOL-5486,PO-5486,GreenLeaf Produce,ASP-BCH-11,asparagus,40,cases,2026-09-11T10:15:39+00:00
BOL-5487,PO-5487,Sunridge Organics 4,KAL-BCH-12,kale,40,cases,2026-09-10T11:52:25+00:00
BOL-5487,PO-5487,Sunridge Organics 4,CUC-CTN-24,cucumbers,30,cases,2026-09-10T11:52:25+00:00
BOL-5488,PO-5488,Coastal Crisp,BLU-FLAT-12,blueberries,50,cases,2026-09-10T09:18:56+00:00
BOL-5489,PO-5489,Fresh Farms,BET-BCH-20,beets,16,cases,2026-09-07T14:17:01+00:00
BOL-5490,PO-5490,Fresh Farms,ROM-ICE-24,romaine,48,cases,2026-09-07T07:52:06+00:00
BOL-5491,PO-5491,GreenLeaf Produce,BET-BCH-20,beets,48,cases,2026-09-10T07:42:06+00:00
BOL-5491,PO-5491,GreenLeaf Produce,STR-CLAM-12,strawberries,30,cases,2026-09-10T07:42:06+00:00
BOL-5492,PO-5492,High Desert Growers 4,KAL-BCH-12,kale,40,cases,2026-09-10T08:07:33+00:00
BOL-5492,PO-5492,High Desert Growers 4,TOM-VINE-25,tomatoes,60,cases,2026-09-10T08:07:33+00:00
BOL-5493,PO-5493,Blue Mesa Farms,CEL-BCH-30,celery,48,cases,2026-09-09T08:09:44+00:00
BOL-5494,PO-5494,North Fork Cold 5,ZUC-CS-20,zucchini,50,cases,2026-09-10T11:33:19+00:00
BOL-5495,PO-5495,CoolChain Farms,CRN-EAR-48,corn,20,cases,2026-09-08T09:13:09+00:00
BOL-5496,PO-5496,Sierra Packing 2,ICE-HD-24,iceberg,6,cases,2026-09-08T11:33:00+00:00
BOL-5497,PO-5497,Blue Mesa Farms,BRO-CRN-20,broccoli,48,cases,2026-09-09T13:47:00+00:00
BOL-5498,PO-5498,Valley Mist 4,AVO-CS-48,avocado,24,cases,2026-09-10T12:30:24+00:00
BOL-5499,PO-5499,Fresh Farms 4,CUC-CTN-24,cucumbers,60,cases,2026-09-10T14:45:39+00:00
BOL-5500,PO-5500,Berry Grove Co,TOM-VINE-25,tomatoes,50,cases,2026-09-08T14:16:04+00:00
BOL-5500,PO-5500,Berry Grove Co,ONI-SK-50,onions,50,cases,2026-09-08T14:16:04+00:00
BOL-5501,PO-5501,Prairie Lot 6,ROM-ICE-24,tomatoes,30,cases,2026-09-08T08:17:03+00:00
BOL-5502,PO-5502,Fresh Farms,AVO-CS-48,avocado,50,cases,2026-09-10T08:59:05+00:00
BOL-5503,PO-5503,CoolChain Farms,LET-BIB-12,lettuce,16,cases,2026-09-09T13:45:02+00:00
BOL-5503,PO-5503,CoolChain Farms,STR-CLAM-12,strawberries,30,cases,2026-09-09T13:45:02+00:00
BOL-5504,PO-5504,GreenLeaf Produce,ORG-CTN-40,oranges,24,cases,2026-09-07T13:33:45+00:00
BOL-5505,PO-5505,Sunridge Organics,BET-BCH-20,beets,20,cases,2026-09-09T15:22:13+00:00
BOL-5506,PO-5506,Blue Mesa Farms,CUC-CTN-24,cucumbers,24,cases,2026-09-10T13:21:59+00:00
BOL-5507,PO-5507,Berry Grove Co,STR-CLAM-12,strawberries,22,cases,2026-09-11T08:51:07+00:00
BOL-5508,PO-5508,Prairie Lot 6,ICE-HD-24,iceberg,20,cases,2026-09-08T09:04:00+00:00
BOL-5509,PO-5509,North Fork Cold,BET-BCH-20,beets,12,cases,2026-09-11T09:07:10+00:00
BOL-5510,PO-5510,Blue Mesa Farms,STR-CLAM-12,strawberries,60,cases,2026-09-08T08:18:44+00:00
BOL-5510,PO-5510,Blue Mesa Farms,CRN-EAR-48,corn,50,cases,2026-09-08T08:18:44+00:00
BOL-5511,PO-5511,Berry Grove Co 3,ICE-HD-24,iceberg,50,cases,2026-09-07T10:13:22+00:00
BOL-5512,PO-5512,Berry Grove Co,KAL-BCH-12,kale,50,cases,2026-09-08T12:56:31+00:00
BOL-5513,PO-5513,Sierra Packing 4,STR-CLAM-12,strawberries,30,cases,2026-09-11T12:06:58+00:00
BOL-5513,PO-5513,Sierra Packing 4,BLU-FLAT-12,blueberries,50,cases,2026-09-11T12:06:58+00:00
BOL-5514,PO-5514,GreenLeaf Produce 3,KAL-BCH-12,kale,24,cases,2026-09-11T11:19:24+00:00
BOL-5515,PO-5515,GreenLeaf Produce 4,ICE-HD-24,iceberg,60,cases,2026-09-10T12:37:34+00:00
BOL-5516,PO-5516,High Desert Growers 2,CUC-CTN-24,cucumbers,12,cases,2026-09-10T09:45:26+00:00
BOL-5516,PO-5516,High Desert Growers 2,STR-CLAM-12,strawberries,12,cases,2026-09-10T09:45:26+00:00
BOL-5517,PO-5517,Fresh Farms,CUC-CTN-24,cucumbers,60,cases,2026-09-07T08:38:06+00:00
BOL-5518,PO-5518,Valley Mist,ROM-ICE-24,romaine,24,cases,2026-09-10T09:11:03+00:00
BOL-5519,PO-5519,Fresh Farms,BRO-CRN-20,broccoli,48,cases,2026-09-09T14:35:53+00:00
BOL-5519,PO-5519,Fresh Farms,CAB-GRN-20,cabbage,12,cases,2026-09-09T14:35:53+00:00
BOL-5520,PO-5520,Fresh Farms,STR-CLAM-12,strawberries,56,cases,2026-09-08T07:20:46+00:00
BOL-5520,PO-5520,Fresh Farms,POT-RUS-50,potatoes,54,cases,2026-09-08T07:20:46+00:00
BOL-5521,PO-5521,Prairie Lot,BRO-CRN-20,broccoli,16,cases,2026-09-07T12:36:15+00:00
BOL-5522,PO-5522,Harbor Greens 2,STR-CLAM-12,strawberries,20,cases,2026-09-09T12:45:29+00:00
BOL-5523,PO-5523,Berry Grove Co,KAL-BCH-12,kale,40,cases,2026-09-08T09:52:42+00:00
BOL-5524,PO-5524,Valley Mist,POT-RUS-50,potatoes,24,cases,2026-09-12T09:46:54+00:00
BOL-5525,PO-5525,Blue Mesa Farms,LMN-CTN-40,lemons,50,cases,2026-09-09T10:12:49+00:00
BOL-5526,PO-5526,GreenLeaf Produce 2,GBN-CTN-20,green beans,12,cases,2026-09-07T07:17:18+00:00
BOL-5526,PO-5526,GreenLeaf Produce 2,LIM-CTN-40,limes,24,cases,2026-09-07T07:17:18+00:00
BOL-5527,PO-5527,CoolChain Farms 4,BRO-CRN-20,broccoli,20,cases,2026-09-07T14:00:44+00:00
BOL-5528,PO-5528,Fresh Farms,SPI-BCH-24,spinach,30,cases,2026-09-07T10:02:09+00:00
BOL-5529,PO-5529,Blue Mesa Farms 5,KAL-BCH-12,kale,50,cases,2026-09-07T10:24:36+00:00
BOL-5529,PO-5529,Blue Mesa Farms 5,ICE-HD-24,iceberg,16,cases,2026-09-07T10:24:36+00:00
BOL-5530,PO-5530,Fresh Farms 4,ROM-ICE-24,romaine,40,cases,2026-09-10T07:19:46+00:00
BOL-5530,PO-5530,Fresh Farms 4,GBN-CTN-20,green beans,48,cases,2026-09-10T07:19:46+00:00
BOL-5531,PO-5531,Sunridge Organics 3,CAR-BAG-50,carrots,4,cases,2026-09-12T08:01:55+00:00
BOL-5532,PO-5532,Fresh Farms,KAL-BCH-12,kale,24,cases,2026-09-08T09:36:33+00:00
BOL-5533,PO-5533,Prairie Lot 6,ROM-ICE-24,romaine,48,cases,2026-09-10T15:30:25+00:00
BOL-5534,PO-5534,Sunridge Organics,AVO-CS-48,avocado,16,cases,2026-09-07T09:52:05+00:00
BOL-5534,PO-5534,Sunridge Organics,ICE-HD-24,iceberg,20,cases,2026-09-07T09:52:05+00:00
BOL-5535,PO-5535,Pacific Pack,CEL-BCH-30,celery,60,cases,2026-09-09T08:41:31+00:00
BOL-5536,PO-5536,CoolChain Farms,PEP-BLST-20,peppers,48,cases,2026-09-07T13:37:27+00:00
BOL-5536,PO-5536,CoolChain Farms,KAL-BCH-12,kale,40,cases,2026-09-07T13:37:27+00:00
BOL-5537,PO-5537,CoolChain Farms,ORG-CTN-40,oranges,50,cases,2026-09-09T07:12:49+00:00
BOL-5538,PO-5538,GreenLeaf Produce 4,STR-CLAM-12,strawberries,16,cases,2026-09-07T07:22:59+00:00
BOL-5539,PO-5539,Prairie Lot 5,ONI-SK-50,onions,16,cases,2026-09-10T09:04:39+00:00
BOL-5539,PO-5539,Prairie Lot 5,TOM-VINE-25,tomatoes,12,cases,2026-09-10T09:04:39+00:00
BOL-5540,PO-5540,Berry Grove Co,BRO-CRN-20,broccoli,20,cases,2026-09-07T11:35:13+00:00
BOL-5541,PO-5541,Berry Grove Co 2,SPI-BCH-24,spinach,12,cases,2026-09-10T07:09:24+00:00
BOL-5542,PO-5542,GreenLeaf Produce,ROM-ICE-24,romaine,48,cases,2026-09-07T12:56:39+00:00
BOL-5543,PO-5543,Sunridge Organics 2,ASP-BCH-11,asparagus,48,cases,2026-09-08T14:16:58+00:00
BOL-5543,PO-5543,Sunridge Organics 2,LIM-CTN-40,limes,60,cases,2026-09-08T14:16:58+00:00
BOL-5544,PO-5544,GreenLeaf Produce 2,ICE-HD-24,iceberg,50,cases,2026-09-11T11:08:55+00:00
BOL-5545,PO-5545,GreenLeaf Produce,ICE-HD-24,iceberg,20,cases,2026-09-12T07:11:02+00:00
BOL-5546,PO-5546,Valley Mist 2,LIM-CTN-40,limes,30,cases,2026-09-08T10:00:22+00:00
BOL-5547,PO-5547,Valley Mist 5,HRB-MIX-12,herbs,20,cases,2026-09-10T14:29:24+00:00
BOL-5548,PO-5548,Fresh Farms,PEP-BLST-20,peppers,24,cases,2026-09-11T12:36:08+00:00
BOL-5549,PO-5549,Prairie Lot 6,BLU-FLAT-12,blueberries,24,cases,2026-09-08T08:18:27+00:00
BOL-5550,PO-5550,Harbor Greens 3,ONI-SK-50,onions,60,cases,2026-09-07T11:37:43+00:00
BOL-5551,PO-5551,Fresh Farms,SPI-BCH-24,spinach,60,cases,2026-09-09T14:45:49+00:00
BOL-5552,PO-5552,CoolChain Farms,LET-BIB-12,lettuce,48,cases,2026-09-12T08:00:11+00:00
BOL-5553,PO-5553,GreenLeaf Produce 4,SPI-BCH-24,spinach,24,cases,2026-09-08T13:21:59+00:00
BOL-5554,PO-5554,Pacific Pack 7,BRO-CRN-20,broccoli,24,cases,2026-09-07T07:13:48+00:00
BOL-5555,PO-5555,Valley Mist,ROM-ICE-24,romaine,50,cases,2026-09-08T12:51:01+00:00
BOL-5556,PO-5556,North Fork Cold,STR-CLAM-12,strawberries,48,cases,2026-09-08T14:16:24+00:00
BOL-5557,PO-5557,Berry Grove Co,CRN-EAR-48,corn,16,cases,2026-09-12T15:06:26+00:00
BOL-5558,PO-5558,Harbor Greens 4,ASP-BCH-11,asparagus,24,cases,2026-09-12T15:24:28+00:00
BOL-5559,PO-5559,GreenLeaf Produce 3,AVO-CS-48,avocado,60,cases,2026-09-08T07:21:38+00:00
BOL-5560,PO-5560,Fresh Farms 5,AVO-CS-48,avocado,12,cases,2026-09-07T10:53:52+00:00
BOL-5561,PO-5561,Sierra Packing 6,AVO-CS-48,avocado,30,cases,2026-09-08T13:31:40+00:00
BOL-5562,PO-5562,CoolChain Farms 2,CAU-HD-12,cauliflower,50,cases,2026-09-09T10:36:18+00:00
BOL-5563,PO-5563,Fresh Farms,ONI-SK-50,onions,20,cases,2026-09-09T13:09:32+00:00
BOL-5564,PO-5564,Berry Grove Co,CAU-HD-12,cauliflower,50,cases,2026-09-08T10:50:01+00:00
BOL-5565,PO-5565,Sunridge Organics 5,ROM-ICE-24,romaine,16,cases,2026-09-08T12:54:41+00:00
BOL-5566,PO-5566,Harbor Greens 2,BLU-FLAT-12,blueberries,20,cases,2026-09-10T07:43:33+00:00
BOL-5567,PO-5567,Berry Grove Co,CUC-CTN-24,cucumbers,20,cases,2026-09-09T07:22:49+00:00
BOL-5568,PO-5568,High Desert Growers,LMN-CTN-40,lemons,30,cases,2026-09-07T13:04:03+00:00
BOL-5569,PO-5569,Red River Produce 6,SPI-BCH-24,spinach,50,cases,2026-09-07T14:40:08+00:00
BOL-5570,PO-5570,Fresh Farms,CAR-BAG-50,carrots,50,cases,2026-09-11T11:38:51+00:00
BOL-5571,PO-5571,GreenLeaf Produce 2,SPI-BCH-24,spinach,60,cases,2026-09-08T07:40:38+00:00
BOL-5572,PO-5572,Coastal Crisp 2,ROM-ICE-24,romaine,30,cases,2026-09-07T08:15:03+00:00
BOL-5572,PO-5572,Coastal Crisp 2,RAD-BCH-24,radish,12,cases,2026-09-07T08:15:03+00:00
BOL-5573,PO-5573,North Fork Cold 2,ONI-SK-50,onions,60,cases,2026-09-08T08:31:10+00:00
BOL-5574,PO-5574,Valley Mist,SPI-BCH-24,spinach,40,cases,2026-09-12T13:23:37+00:00
BOL-5574,PO-5574,Valley Mist,ZUC-CS-20,zucchini,48,cases,2026-09-12T13:23:37+00:00
BOL-5575,PO-5575,Fresh Farms,AVO-CS-48,avocado,24,cases,2026-09-07T11:01:08+00:00
BOL-5576,PO-5576,Prairie Lot,ROM-ICE-24,romaine,30,cases,2026-09-07T07:29:06+00:00
BOL-5577,PO-5577,Sierra Packing,ROM-ICE-24,romaine,50,cases,2026-09-09T09:42:16+00:00
BOL-5578,PO-5578,Berry Grove Co,ROM-ICE-24,romaine,12,cases,2026-09-11T14:32:39+00:00
BOL-5579,PO-5579,Sunridge Organics 4,AVO-CS-48,avocado,40,cases,2026-09-10T08:00:47+00:00
BOL-5580,PO-5580,High Desert Growers 2,CAB-GRN-20,cabbage,30,cases,2026-09-11T08:48:00+00:00
BOL-5581,PO-5581,Fresh Farms,AVO-CS-48,avocado,12,cases,2026-09-09T09:45:49+00:00
BOL-5582,PO-5582,Harbor Greens 5,CAB-GRN-20,cabbage,20,cases,2026-09-07T14:06:21+00:00
BOL-5583,PO-5583,Blue Mesa Farms 4,ZUC-CS-20,zucchini,12,cases,2026-09-07T10:55:57+00:00
BOL-5584,PO-5584,CoolChain Farms,BRO-CRN-20,broccoli,40,cases,2026-09-08T13:11:43+00:00
BOL-5584,PO-5584,CoolChain Farms,ROM-ICE-24,romaine,20,cases,2026-09-08T13:11:43+00:00
BOL-5585,PO-5585,Valley Mist 2,AVO-CS-48,avocado,16,cases,2026-09-11T09:53:24+00:00
BOL-5586,PO-5586,Fresh Farms,GBN-CTN-20,green beans,40,cases,2026-09-10T09:41:45+00:00
BOL-5586,PO-5586,Fresh Farms,SQU-YLW-20,squash,30,cases,2026-09-10T09:41:45+00:00
