doc_id,po_id,supplier,sku,item,quantity,unit,lot_code,received_at
PACK-3301,PO-4419,Fresh Farms,ROM-ICE-24,romaine,40,cases,R2298,2026-09-12T13:58:00+00:00
PACK-4421,PO-4421,Berry Grove Co,STR-CLAM-12,strawberries,20,cases,S4410,2026-09-11T17:58:00+00:00
PACK-4420,PO-4420,GreenLeaf Produce,SPI-BCH-24,spinach,30,cases,P1188,2026-09-11T15:26:00+00:00
PACK-4418,PO-4418,Fresh Farms,KAL-BCH-12,kale,12,cases,K3302,2026-09-10T20:06:00+00:00
PACK-4415,PO-4415,Berry Grove Co,AVO-CS-48,avocado,100,cases,A8801,2026-09-10T11:56:00+00:00
PACK-4412,PO-4412,CoolChain Farms,TOM-VINE-25,tomatoes,48,cases,T5510,2026-09-09T17:38:00+00:00
PACK-4410,PO-4410,GreenLeaf Produce,SPI-BCH-24,spinach,18,cases,P1170,2026-09-08T09:36:00+00:00
PACK-4408,PO-4408,Fresh Farms,ROM-ICE-24,romaine,50,cases,R2201,2026-09-08T11:11:00+00:00
PACK-4402,PO-4402,Fresh Farms,AVO-CS-48,avocado,40,cases,,2026-09-08T16:01:00+00:00
PACK-4399,PO-4399,CoolChain Farms,MIX-GRN-12,mixed greens,20,cases,M7701,2026-09-05T10:51:00+00:00
PACK-4406,PO-4406,Valley Mist,BLU-FLAT-12,blueberries,30,cases,B4406,2026-09-12T10:30:00+00:00
PACK-4404,PO-4404,Pacific Pack,TOM-VINE-25,tomatoes,40,cases,T4404,2026-09-11T12:13:00+00:00
PACK-4403,PO-4403,Harbor Greens,KAL-BCH-12,kale,16,cases,K4403,2026-09-10T08:20:00+00:00
PACK-4398,PO-4398,Sierra Packing,ROM-ICE-24,romaine,30,cases,R4398,2026-09-09T13:48:00+00:00
PACK-5001,PO-5001,Red River Produce,RAD-BCH-24,radish,16,cases,R5001-68,2026-09-07T15:18:44+00:00
PACK-5002,PO-5002,Sierra Packing,HRB-MIX-12,herbs,50,cases,H5002-88,2026-09-07T11:05:42+00:00
PACK-5003,PO-5003,High Desert Growers,STR-CLAM-12,strawberries,50,cases,S5003-67,2026-09-11T14:44:32+00:00
PACK-5004,PO-5004,High Desert Growers 2,STR-CLAM-12,strawberries,50,cases,S5004-19,2026-09-08T09:14:53+00:00
PACK-5005,PO-5005,CoolChain Farms,ROM-ICE-24,romaine,42,cases,R5005-37,2026-09-10T09:08:17+00:00
PACK-5005,PO-5005,CoolChain Farms,AVO-CS-48,avocado,50,cases,A5005-63,2026-09-10T09:08:17+00:00
PACK-5006,PO-5006,Pacific Pack,ROM-ICE-24,romaine,48,cases,R5006-71,2026-09-07T14:14:26+00:00
PACK-5007,PO-5007,Pacific Pack 3,POT-RUS-50,potatoes,24,cases,P5007-72,2026-09-07T10:08:19+00:00
PACK-5008,PO-5008,Fresh Farms,CAB-GRN-20,cabbage,20,cases,C5008-69,2026-09-08T10:51:31+00:00
PACK-5009,PO-5009,Sierra Packing,CUC-CTN-24,cucumbers,6,cases,C5009-27,2026-09-12T15:30:39+00:00
PACK-5010,PO-5010,GreenLeaf Produce,KAL-BCH-12,kale,48,cases,K5010-45,2026-09-11T08:41:03+00:00
PACK-5011,PO-5011,GreenLeaf Produce,CRN-EAR-48,corn,12,cases,C5011-54,2026-09-10T14:13:26+00:00
PACK-5012,PO-5012,North Fork Cold 6,HRB-MIX-12,herbs,24,cases,H5012-12,2026-09-08T07:43:49+00:00
PACK-5013,PO-5013,Sunridge Organics,STR-CLAM-12,strawberries,30,cases,S5013-57,2026-09-10T09:10:08+00:00
PACK-5014,PO-5014,Fresh Farms 3,ROM-ICE-24,romaine,4,cases,R5014-83,2026-09-07T12:18:47+00:00
PACK-5015,PO-5015,Pacific Pack,CAR-BAG-50,carrots,24,cases,C5015-23,2026-09-10T15:18:24+00:00
PACK-5016,PO-5016,Sierra Packing 2,BRO-CRN-20,broccoli,12,cases,B5016-54,2026-09-10T09:42:54+00:00
PACK-5017,PO-5017,Fresh Farms,MSH-CTN-10,mushrooms,50,cases,M5017-23,2026-09-09T12:46:23+00:00
PACK-5018,PO-5018,Valley Mist 5,TOM-VINE-25,tomatoes,60,cases,,2026-09-09T10:13:40+00:00
PACK-5019,PO-5019,Fresh Farms 4,TOM-VINE-25,tomatoes,30,cases,T5019-51,2026-09-12T09:26:39+00:00
PACK-5020,PO-5020,Fresh Farms,TOM-VINE-25,tomatoes,48,cases,T5020-53,2026-09-11T14:13:59+00:00
PACK-5021,PO-5021,Berry Grove Co,SPI-BCH-24,spinach,30,cases,S5021-86,2026-09-07T14:23:20+00:00
PACK-5022,PO-5022,Fresh Farms,POT-RUS-50,potatoes,50,cases,P5022-81,2026-09-10T09:29:35+00:00
PACK-5022,PO-5022,Fresh Farms,CRN-EAR-48,corn,50,cases,C5022-92,2026-09-10T09:29:35+00:00
PACK-5023,PO-5023,Fresh Farms,ONI-SK-50,onions,22,cases,O5023-70,2026-09-10T10:57:50+00:00
PACK-5024,PO-5024,North Fork Cold 7,ONI-SK-50,onions,30,cases,O5024-49,2026-09-09T10:04:27+00:00
PACK-5025,PO-5025,Berry Grove Co,HRB-MIX-12,herbs,24,cases,H5025-37,2026-09-08T08:09:46+00:00
PACK-5026,PO-5026,Berry Grove Co 2,LIM-CTN-40,limes,24,cases,L5026-47,2026-09-10T09:29:46+00:00
PACK-5027,PO-5027,Fresh Farms,ROM-ICE-24,romaine,12,cases,R5027-80,2026-09-08T08:39:19+00:00
PACK-5027,PO-5027,Fresh Farms,SPI-BCH-24,spinach,20,cases,S5027-91,2026-09-08T08:39:19+00:00
PACK-5028,PO-5028,Prairie Lot 4,ICE-HD-24,iceberg,44,cases,I5028-16,2026-09-11T11:19:06+00:00
PACK-5029,PO-5029,Fresh Farms,ROM-ICE-24,romaine,12,cases,R5029-29,2026-09-08T14:29:30+00:00
PACK-5030,PO-5030,Fresh Farms,LET-BIB-12,lettuce,16,cases,L5030-58,2026-09-07T11:56:19+00:00
PACK-5030,PO-5030,Fresh Farms,TOM-VINE-25,tomatoes,44,cases,T5030-85,2026-09-07T11:56:19+00:00
PACK-5031,PO-5031,Valley Mist 2,ROM-ICE-24,romaine,24,cases,R5031-90,2026-09-12T09:44:36+00:00
PACK-5032,PO-5032,Berry Grove Co,STR-CLAM-12,strawberries,48,cases,S5032-67,2026-09-07T12:46:05+00:00
PACK-5033,PO-5033,Fresh Farms,ONI-SK-50,onions,50,cases,O5033-19,2026-09-10T11:08:18+00:00
PACK-5034,PO-5034,Sierra Packing 3,ZUC-CS-20,zucchini,24,cases,,2026-09-10T15:01:16+00:00
PACK-5035,PO-5035,Coastal Crisp 2,ROM-ICE-24,romaine,20,cases,R5035-49,2026-09-09T11:46:14+00:00
PACK-5036,PO-5036,Harbor Greens 5,PEP-BLST-20,peppers,48,cases,P5036-44,2026-09-09T14:10:36+00:00
PACK-5036,PO-5036,Harbor Greens 5,ICE-HD-24,iceberg,50,cases,I5036-66,2026-09-09T14:10:36+00:00
PACK-5037,PO-5037,High Desert Growers,ROM-ICE-24,romaine,24,cases,R5037-96,2026-09-07T07:28:56+00:00
PACK-5038,PO-5038,Coastal Crisp 6,BRO-CRN-20,broccoli,20,cases,B5038-70,2026-09-11T12:02:37+00:00
PACK-5039,PO-5039,GreenLeaf Produce,ZUC-CS-20,zucchini,16,cases,Z5039-70,2026-09-09T10:54:58+00:00
PACK-5040,PO-5040,North Fork Cold 2,ONI-SK-50,onions,30,cases,O5040-94,2026-09-08T09:58:20+00:00
PACK-5041,PO-5041,Blue Mesa Farms,SPI-BCH-24,spinach,16,cases,S5041-61,2026-09-12T14:04:48+00:00
PACK-5041,PO-5041,Blue Mesa Farms,ASP-BCH-11,asparagus,12,cases,A5041-94,2026-09-12T14:04:48+00:00
PACK-5042,PO-5042,Fresh Farms,CRN-EAR-48,corn,50,cases,C5042-16,2026-09-11T11:04:26+00:00
PACK-5043,PO-5043,Fresh Farms 6,ICE-HD-24,iceberg,12,cases,I5043-90,2026-09-07T11:49:08+00:00
PACK-5044,PO-5044,Berry Grove Co,AVO-CS-48,avocado,24,cases,A5044-24,2026-09-09T09:10:45+00:00
PACK-5044,PO-5044,Berry Grove Co,TOM-VINE-25,tomatoes,16,cases,T5044-92,2026-09-09T09:10:45+00:00
PACK-5045,PO-5045,Fresh Farms 3,AVO-CS-48,avocado,50,cases,A5045-70,2026-09-11T11:23:59+00:00
PACK-5046,PO-5046,Pacific Pack,GBN-CTN-20,green beans,22,cases,G5046-63,2026-09-08T11:50:09+00:00
PACK-5047,PO-5047,GreenLeaf Produce,SPI-BCH-24,spinach,50,cases,S5047-29,2026-09-08T13:51:32+00:00
PACK-5048,PO-5048,CoolChain Farms,BET-BCH-20,beets,18,cases,B5048-83,2026-09-09T11:15:22+00:00
PACK-5049,PO-5049,High Desert Growers,ONI-SK-50,onions,48,cases,O5049-59,2026-09-08T14:26:49+00:00
PACK-5050,PO-5050,Coastal Crisp 2,ROM-ICE-24,romaine,60,cases,R5050-85,2026-09-12T13:53:52+00:00
PACK-5051,PO-5051,Sunridge Organics 4,TOM-VINE-25,tomatoes,14,cases,T5051-93,2026-09-08T07:59:55+00:00
PACK-5052,PO-5052,Red River Produce 3,ONI-SK-50,onions,8,cases,O5052-96,2026-09-12T07:46:30+00:00
PACK-5053,PO-5053,Valley Mist 2,ROM-ICE-24,romaine,16,cases,R5053-40,2026-09-11T10:22:20+00:00
PACK-5054,PO-5054,North Fork Cold 7,LIM-CTN-40,limes,16,cases,L5054-66,2026-09-10T14:59:18+00:00
PACK-5054,PO-5054,North Fork Cold 7,STR-CLAM-12,strawberries,30,cases,S5054-13,2026-09-10T14:59:18+00:00
PACK-5055,PO-5055,GreenLeaf Produce,STR-CLAM-12,strawberries,48,cases,S5055-82,2026-09-07T13:55:03+00:00
PACK-5056,PO-5056,Berry Grove Co,CEL-BCH-30,celery,24,cases,C5056-73,2026-09-10T08:40:10+00:00
PACK-5057,PO-5057,Sunridge Organics,PEP-BLST-20,peppers,50,cases,P5057-46,2026-09-12T08:21:14+00:00
PACK-5058,PO-5058,Coastal Crisp,SPI-BCH-24,spinach,48,cases,S5058-98,2026-09-10T08:28:04+00:00
PACK-5059,PO-5059,Berry Grove Co,ROM-ICE-24,romaine,48,cases,R5059-83,2026-09-08T14:20:19+00:00
PACK-5060,PO-5060,GreenLeaf Produce,ROM-ICE-24,romaine,12,cases,R5060-87,2026-09-08T09:39:44+00:00
PACK-5061,PO-5061,Coastal Crisp 5,KAL-BCH-12,kale,24,cases,K5061-89,2026-09-10T14:14:57+00:00
PACK-5062,PO-5062,Coastal Crisp 3,CEL-BCH-30,celery,12,cases,C5062-49,2026-09-08T13:34:46+00:00
PACK-5063,PO-5063,Valley Mist,SPI-BCH-24,spinach,48,cases,S5063-32,2026-09-11T07:25:37+00:00
PACK-5063,PO-5063,Valley Mist,STR-CLAM-12,strawberries,60,cases,S5063-56,2026-09-11T07:25:37+00:00
PACK-5064,PO-5064,Valley Mist 4,HRB-MIX-12,herbs,30,cases,H5064-53,2026-09-09T14:55:17+00:00
PACK-5065,PO-5065,Fresh Farms,POT-RUS-50,potatoes,40,cases,P5065-21,2026-09-11T11:07:04+00:00
PACK-5066,PO-5066,Blue Mesa Farms,CRN-EAR-48,corn,30,cases,C5066-84,2026-09-11T07:15:16+00:00
PACK-5067,PO-5067,Fresh Farms,CEL-BCH-30,celery,52,cases,C5067-88,2026-09-08T12:34:23+00:00
PACK-5068,PO-5068,CoolChain Farms 4,AVO-CS-48,avocado,20,cases,A5068-15,2026-09-08T07:40:40+00:00
PACK-5069,PO-5069,Fresh Farms,ROM-ICE-24,romaine,50,cases,R5069-57,2026-09-12T09:43:31+00:00
PACK-5070,PO-5070,High Desert Growers 6,POT-RUS-50,potatoes,48,cases,P5070-93,2026-09-10T13:28:44+00:00
PACK-5071,PO-5071,Pacific Pack,KAL-BCH-12,kale,50,cases,K5071-66,2026-09-07T11:18:39+00:00
PACK-5071,PO-5071,Pacific Pack,HRB-MIX-12,herbs,40,cases,H5071-22,2026-09-07T11:18:39+00:00
PACK-5072,PO-5072,Coastal Crisp 5,AVO-CS-48,avocado,24,cases,A5072-25,2026-09-12T10:16:34+00:00
PACK-5073,PO-5073,Fresh Farms,CAR-BAG-50,carrots,12,cases,C5073-16,2026-09-12T14:09:29+00:00
PACK-5074,PO-5074,Sierra Packing 3,LET-BIB-12,lettuce,24,cases,L5074-85,2026-09-11T09:12:08+00:00
PACK-5074,PO-5074,Sierra Packing 3,STR-CLAM-12,strawberries,24,cases,S5074-52,2026-09-11T09:12:08+00:00
PACK-5075,PO-5075,GreenLeaf Produce 2,ROM-ICE-24,romaine,20,cases,R5075-79,2026-09-11T13:51:57+00:00
PACK-5076,PO-5076,Sunridge Organics 2,KAL-BCH-12,kale,24,cases,K5076-85,2026-09-08T08:37:07+00:00
PACK-5076,PO-5076,Sunridge Organics 2,STR-CLAM-12,strawberries,12,cases,S5076-26,2026-09-08T08:37:07+00:00
PACK-5077,PO-5077,Valley Mist 3,KAL-BCH-12,kale,6,cases,K5077-74,2026-09-10T11:37:07+00:00
PACK-5078,PO-5078,Berry Grove Co 3,TOM-VINE-25,tomatoes,12,cases,T5078-17,2026-09-08T12:22:02+00:00
PACK-5079,PO-5079,High Desert Growers,RAD-BCH-24,radish,16,cases,R5079-20,2026-09-12T14:21:25+00:00
PACK-5080,PO-5080,Fresh Farms,BRO-CRN-20,broccoli,40,cases,B5080-58,2026-09-08T08:23:04+00:00
PACK-5081,PO-5081,Coastal Crisp,CAB-GRN-20,cabbage,16,cases,C5081-93,2026-09-12T11:39:18+00:00
PACK-5082,PO-5082,Fresh Farms 3,GBN-CTN-20,green beans,48,cases,G5082-68,2026-09-10T13:41:35+00:00
PACK-5083,PO-5083,CoolChain Farms,KAL-BCH-12,kale,28,cases,K5083-70,2026-09-08T13:21:06+00:00
PACK-5084,PO-5084,Fresh Farms,KAL-BCH-12,kale,20,cases,,2026-09-07T14:13:05+00:00
PACK-5085,PO-5085,Harbor Greens,KAL-BCH-12,kale,48,cases,K5085-16,2026-09-09T12:08:35+00:00
PACK-5085,PO-5085,Harbor Greens,LMN-CTN-40,lemons,30,cases,L5085-55,2026-09-09T12:08:35+00:00
PACK-5086,PO-5086,Fresh Farms,ROM-ICE-24,romaine,60,cases,R5086-57,2026-09-07T11:27:13+00:00
PACK-5087,PO-5087,Berry Grove Co,LIM-CTN-40,limes,60,cases,,2026-09-07T09:30:36+00:00
PACK-5088,PO-5088,Valley Mist 4,SPI-BCH-24,spinach,30,cases,S5088-53,2026-09-07T15:03:42+00:00
PACK-5088,PO-5088,Valley Mist 4,KAL-BCH-12,kale,20,cases,K5088-28,2026-09-07T15:03:42+00:00
PACK-5089,PO-5089,Fresh Farms,ROM-ICE-24,romaine,60,cases,R5089-37,2026-09-09T10:33:04+00:00
PACK-5090,PO-5090,Berry Grove Co,LET-BIB-12,lettuce,16,cases,L5090-16,2026-09-08T11:00:21+00:00
PACK-5091,PO-5091,Fresh Farms,CUC-CTN-24,cucumbers,50,cases,C5091-87,2026-09-07T13:34:39+00:00
PACK-5092,PO-5092,Pacific Pack 3,ROM-ICE-24,romaine,50,cases,R5092-77,2026-09-09T09:27:13+00:00
PACK-5093,PO-5093,Pacific Pack,STR-CLAM-12,strawberries,18,cases,S5093-42,2026-09-10T07:31:14+00:00
PACK-5093,PO-5093,Pacific Pack,SPI-BCH-24,spinach,12,cases,S5093-73,2026-09-10T07:31:14+00:00
PACK-5094,PO-5094,Pacific Pack,BRO-CRN-20,broccoli,40,cases,B5094-19,2026-09-10T08:37:08+00:00
PACK-5095,PO-5095,Coastal Crisp,ASP-BCH-11,asparagus,48,cases,A5095-83,2026-09-08T13:27:02+00:00
PACK-5096,PO-5096,GreenLeaf Produce,KAL-BCH-12,kale,50,cases,K5096-98,2026-09-08T12:35:26+00:00
PACK-5096,PO-5096,GreenLeaf Produce,RAD-BCH-24,radish,16,cases,R5096-65,2026-09-08T12:35:26+00:00
PACK-5097,PO-5097,Berry Grove Co 2,ASP-BCH-11,asparagus,40,cases,A5097-38,2026-09-11T09:12:27+00:00
PACK-5097,PO-5097,Berry Grove Co 2,KAL-BCH-12,kale,20,cases,K5097-19,2026-09-11T09:12:27+00:00
PACK-5098,PO-5098,Red River Produce,LMN-CTN-40,lemons,20,cases,L5098-40,2026-09-09T08:06:33+00:00
PACK-5099,PO-5099,Berry Grove Co,CUC-CTN-24,cucumbers,20,cases,C5099-90,2026-09-07T09:19:12+00:00
PACK-5100,PO-5100,High Desert Growers 3,GBN-CTN-20,green beans,40,cases,G5100-90,2026-09-09T13:34:36+00:00
PACK-5101,PO-5101,Sunridge Organics,SPI-BCH-24,spinach,12,cases,S5101-55,2026-09-08T10:53:04+00:00
PACK-5102,PO-5102,Coastal Crisp,SPI-BCH-24,spinach,16,cases,S5102-88,2026-09-09T09:46:29+00:00
PACK-5103,PO-5103,Berry Grove Co 2,TOM-VINE-25,tomatoes,24,cases,T5103-51,2026-09-09T10:24:29+00:00
PACK-5104,PO-5104,Red River Produce 6,CAU-HD-12,cauliflower,40,cases,C5104-20,2026-09-09T11:24:09+00:00
PACK-5104,PO-5104,Red River Produce 6,ICE-HD-24,iceberg,20,cases,I5104-15,2026-09-09T11:24:09+00:00
PACK-5105,PO-5105,Sierra Packing,KAL-BCH-12,kale,30,cases,K5105-59,2026-09-08T10:52:28+00:00
PACK-5106,PO-5106,GreenLeaf Produce 2,ROM-ICE-24,romaine,16,cases,R5106-81,2026-09-08T10:01:43+00:00
PACK-5107,PO-5107,Berry Grove Co 3,CAR-BAG-50,carrots,20,cases,C5107-52,2026-09-10T09:33:16+00:00
PACK-5108,PO-5108,Sierra Packing 5,ONI-SK-50,onions,48,cases,O5108-26,2026-09-07T12:47:09+00:00
PACK-5109,PO-5109,CoolChain Farms,KAL-BCH-12,kale,20,cases,K5109-95,2026-09-09T15:08:05+00:00
PACK-5110,PO-5110,North Fork Cold 7,PEP-BLST-20,peppers,52,cases,P5110-12,2026-09-10T15:12:47+00:00
PACK-5110,PO-5110,North Fork Cold 7,KAL-BCH-12,kale,14,cases,K5110-53,2026-09-10T15:12:47+00:00
PACK-5111,PO-5111,Berry Grove Co,SPI-BCH-24,spinach,16,cases,S5111-74,2026-09-12T11:16:12+00:00
PACK-5112,PO-5112,GreenLeaf Produce 5,GBN-CTN-20,green beans,10,cases,G5112-29,2026-09-11T14:15:47+00:00
PACK-5113,PO-5113,Sunridge Organics 3,ROM-ICE-24,romaine,40,cases,R5113-96,2026-09-07T14:13:44+00:00
PACK-5114,PO-5114,CoolChain Farms 2,STR-CLAM-12,strawberries,24,cases,S5114-70,2026-09-10T15:24:28+00:00
PACK-5115,PO-5115,Red River Produce 2,TOM-VINE-25,tomatoes,30,cases,T5115-58,2026-09-11T08:47:23+00:00
PACK-5116,PO-5116,Berry Grove Co 4,SPI-BCH-24,spinach,50,cases,,2026-09-09T10:42:10+00:00
PACK-5116,PO-5116,Berry Grove Co 4,ASP-BCH-11,asparagus,60,cases,,2026-09-09T10:42:10+00:00
PACK-5117,PO-5117,Red River Produce,LET-BIB-12,lettuce,30,cases,L5117-67,2026-09-12T13:12:54+00:00
PACK-5118,PO-5118,Coastal Crisp,GBN-CTN-20,green beans,12,cases,G5118-63,2026-09-11T08:23:53+00:00
PACK-5119,PO-5119,Berry Grove Co,ROM-ICE-24,romaine,16,cases,R5119-93,2026-09-07T11:25:23+00:00
PACK-5120,PO-5120,Fresh Farms,ROM-ICE-24,romaine,44,cases,R5120-88,2026-09-08T08:22:08+00:00
PACK-5121,PO-5121,GreenLeaf Produce,POT-RUS-50,potatoes,60,cases,P5121-64,2026-09-07T07:48:01+00:00
PACK-5122,PO-5122,CoolChain Farms,CUC-CTN-24,cucumbers,50,cases,C5122-18,2026-09-07T09:35:15+00:00
PACK-5123,PO-5123,GreenLeaf Produce 2,BRO-CRN-20,broccoli,20,cases,B5123-47,2026-09-07T14:51:31+00:00
PACK-5124,PO-5124,GreenLeaf Produce,PEP-BLST-20,peppers,60,cases,P5124-56,2026-09-09T12:22:22+00:00
PACK-5125,PO-5125,Red River Produce,AVO-CS-48,avocado,50,cases,A5125-15,2026-09-07T11:37:34+00:00
PACK-5126,PO-5126,GreenLeaf Produce,ROM-ICE-24,romaine,16,cases,R5126-94,2026-09-10T15:30:23+00:00
PACK-5127,PO-5127,GreenLeaf Produce 3,KAL-BCH-12,kale,40,cases,K5127-92,2026-09-10T13:43:37+00:00
PACK-5127,PO-5127,GreenLeaf Produce 3,STR-CLAM-12,strawberries,50,cases,S5127-99,2026-09-10T13:43:37+00:00
PACK-5128,PO-5128,Fresh Farms,TOM-VINE-25,tomatoes,30,cases,T5128-35,2026-09-09T08:41:51+00:00
PACK-5129,PO-5129,Fresh Farms,ORG-CTN-40,oranges,60,cases,O5129-70,2026-09-07T08:50:56+00:00
PACK-5130,PO-5130,Berry Grove Co,ROM-ICE-24,romaine,40,cases,R5130-44,2026-09-08T13:33:41+00:00
PACK-5131,PO-5131,Valley Mist 5,LMN-CTN-40,lemons,40,cases,L5131-33,2026-09-07T10:16:27+00:00
PACK-5132,PO-5132,Prairie Lot 5,ROM-ICE-24,romaine,44,cases,R5132-65,2026-09-09T11:22:23+00:00
PACK-5133,PO-5133,Blue Mesa Farms,KAL-BCH-12,kale,30,cases,K5133-49,2026-09-09T14:09:11+00:00
PACK-5133,PO-5133,Blue Mesa Farms,TOM-VINE-25,tomatoes,48,cases,T5133-31,2026-09-09T14:09:11+00:00
PACK-5134,PO-5134,Fresh Farms,TOM-VINE-25,tomatoes,12,cases,T5134-19,2026-09-10T10:07:28+00:00
PACK-5135,PO-5135,Red River Produce,HRB-MIX-12,herbs,10,cases,H5135-14,2026-09-10T10:35:23+00:00
PACK-5136,PO-5136,High Desert Growers 2,BRO-CRN-20,broccoli,10,cases,B5136-57,2026-09-07T09:08:49+00:00
PACK-5137,PO-5137,Prairie Lot,SPI-BCH-24,spinach,24,cases,S5137-24,2026-09-08T13:38:04+00:00
PACK-5138,PO-5138,Red River Produce,LET-BIB-12,lettuce,50,cases,L5138-37,2026-09-07T08:43:31+00:00
PACK-5138,PO-5138,Red River Produce,ORG-CTN-40,oranges,30,cases,O5138-98,2026-09-07T08:43:31+00:00
PACK-5139,PO-5139,Fresh Farms,CAU-HD-12,cauliflower,46,cases,C5139-97,2026-09-12T11:19:12+00:00
PACK-5140,PO-5140,North Fork Cold 2,BLU-FLAT-12,blueberries,30,cases,B5140-30,2026-09-12T15:33:20+00:00
PACK-5140,PO-5140,North Fork Cold 2,ONI-SK-50,onions,20,cases,O5140-56,2026-09-12T15:33:20+00:00
PACK-5141,PO-5141,Blue Mesa Farms 3,ROM-ICE-24,romaine,60,cases,R5141-83,2026-09-09T08:10:12+00:00
PACK-5142,PO-5142,Fresh Farms,AVO-CS-48,avocado,50,cases,A5142-77,2026-09-08T13:59:35+00:00
PACK-5142,PO-5142,Fresh Farms,BRO-CRN-20,broccoli,20,cases,B5142-50,2026-09-08T13:59:35+00:00
PACK-5143,PO-5143,Red River Produce 2,SQU-YLW-20,squash,54,cases,S5143-26,2026-09-10T10:58:29+00:00
PACK-5143,PO-5143,Red River Produce 2,TOM-VINE-25,tomatoes,8,cases,T5143-76,2026-09-10T10:58:29+00:00
PACK-5144,PO-5144,CoolChain Farms,HRB-MIX-12,herbs,60,cases,H5144-46,2026-09-07T08:32:10+00:00
PACK-5145,PO-5145,Pacific Pack 2,CEL-BCH-30,celery,60,cases,C5145-21,2026-09-11T09:16:12+00:00
PACK-5146,PO-5146,Valley Mist 6,CEL-BCH-30,celery,36,cases,C5146-13,2026-09-09T08:34:37+00:00
PACK-5147,PO-5147,Sunridge Organics 3,LET-BIB-12,lettuce,48,cases,L5147-89,2026-09-07T15:13:41+00:00
PACK-5148,PO-5148,Pacific Pack 2,SPI-BCH-24,spinach,24,cases,S5148-97,2026-09-10T11:22:56+00:00
PACK-5149,PO-5149,Sierra Packing 2,ICE-HD-24,iceberg,16,cases,I5149-87,2026-09-08T11:00:04+00:00
PACK-5150,PO-5150,CoolChain Farms,ROM-ICE-24,romaine,40,cases,R5150-75,2026-09-07T14:29:45+00:00
PACK-5151,PO-5151,Sunridge Organics,ROM-ICE-24,romaine,12,cases,R5151-47,2026-09-09T09:51:15+00:00
PACK-5152,PO-5152,High Desert Growers,BET-BCH-20,beets,40,cases,B5152-34,2026-09-12T14:30:39+00:00
PACK-5153,PO-5153,Sunridge Organics,ROM-ICE-24,romaine,48,cases,R5153-74,2026-09-10T11:23:32+00:00
PACK-5154,PO-5154,Berry Grove Co 2,ICE-HD-24,iceberg,50,cases,I5154-46,2026-09-09T09:11:13+00:00
PACK-5154,PO-5154,Berry Grove Co 2,BLU-FLAT-12,blueberries,16,cases,B5154-65,2026-09-09T09:11:13+00:00
PACK-5155,PO-5155,Valley Mist,AVO-CS-48,avocado,54,cases,A5155-56,2026-09-07T09:23:46+00:00
PACK-5156,PO-5156,Red River Produce,ORG-CTN-40,oranges,16,cases,O5156-26,2026-09-09T07:45:24+00:00
PACK-5157,PO-5157,Blue Mesa Farms 3,KAL-BCH-12,kale,20,cases,K5157-35,2026-09-12T10:29:23+00:00
PACK-5158,PO-5158,Fresh Farms,KAL-BCH-12,kale,50,cases,K5158-76,2026-09-09T10:33:32+00:00
PACK-5158,PO-5158,Fresh Farms,TOM-VINE-25,tomatoes,60,cases,T5158-27,2026-09-09T10:33:32+00:00
PACK-5159,PO-5159,Berry Grove Co,SPI-BCH-24,spinach,40,cases,S5159-74,2026-09-08T12:21:20+00:00
PACK-5160,PO-5160,Prairie Lot 2,ROM-ICE-24,romaine,40,cases,R5160-24,2026-09-11T11:40:31+00:00
PACK-5161,PO-5161,Harbor Greens 3,CEL-BCH-30,celery,50,cases,C5161-43,2026-09-12T12:06:19+00:00
PACK-5162,PO-5162,Prairie Lot,CAR-BAG-50,carrots,20,cases,C5162-77,2026-09-12T13:48:49+00:00
PACK-5163,PO-5163,Coastal Crisp 4,STR-CLAM-12,strawberries,16,cases,S5163-34,2026-09-10T12:25:49+00:00
PACK-5164,PO-5164,Fresh Farms,ICE-HD-24,iceberg,50,cases,I5164-17,2026-09-07T09:48:26+00:00
PACK-5165,PO-5165,Harbor Greens,KAL-BCH-12,kale,20,cases,K5165-68,2026-09-10T11:33:13+00:00
PACK-5166,PO-5166,Valley Mist,ZUC-CS-20,zucchini,30,cases,Z5166-88,2026-09-12T10:03:34+00:00
PACK-5167,PO-5167,GreenLeaf Produce,LIM-CTN-40,limes,30,cases,L5167-46,2026-09-09T15:18:15+00:00
PACK-5168,PO-5168,North Fork Cold,BET-BCH-20,beets,30,cases,B5168-46,2026-09-10T13:01:45+00:00
PACK-5169,PO-5169,Pacific Pack,HRB-MIX-12,herbs,20,cases,H5169-47,2026-09-07T12:54:34+00:00
PACK-5170,PO-5170,Fresh Farms,CRN-EAR-48,corn,24,cases,C5170-35,2026-09-07T15:17:45+00:00
PACK-5171,PO-5171,Harbor Greens,CEL-BCH-30,celery,24,cases,C5171-41,2026-09-11T09:26:59+00:00
PACK-5171,PO-5171,Harbor Greens,ROM-ICE-24,romaine,60,cases,R5171-38,2026-09-11T09:26:59+00:00
PACK-5172,PO-5172,High Desert Growers,PEP-BLST-20,peppers,20,cases,P5172-10,2026-09-10T07:34:06+00:00
PACK-5173,PO-5173,Berry Grove Co,GBN-CTN-20,green beans,44,cases,G5173-46,2026-09-12T15:28:59+00:00
PACK-5174,PO-5174,North Fork Cold 5,STR-CLAM-12,strawberries,12,cases,S5174-32,2026-09-08T12:38:03+00:00
PACK-5175,PO-5175,GreenLeaf Produce 6,AVO-CS-48,avocado,50,cases,A5175-33,2026-09-08T14:16:11+00:00
PACK-5176,PO-5176,Prairie Lot 5,BRO-CRN-20,broccoli,16,cases,B5176-52,2026-09-12T15:20:55+00:00
PACK-5176,PO-5176,Prairie Lot 5,SPI-BCH-24,spinach,60,cases,S5176-77,2026-09-12T15:20:55+00:00
PACK-5177,PO-5177,North Fork Cold 4,ZUC-CS-20,zucchini,40,cases,,2026-09-09T15:08:08+00:00
PACK-5178,PO-5178,GreenLeaf Produce,KAL-BCH-12,kale,24,cases,K5178-32,2026-09-07T11:02:41+00:00
PACK-5178,PO-5178,GreenLeaf Produce,CEL-BCH-30,celery,38,cases,C5178-75,2026-09-07T11:02:41+00:00
PACK-5179,PO-5179,Fresh Farms,BET-BCH-20,beets,12,cases,B5179-43,2026-09-08T10:33:42+00:00
PACK-5180,PO-5180,GreenLeaf Produce,POT-RUS-50,potatoes,12,cases,P5180-43,2026-09-08T10:56:48+00:00
PACK-5181,PO-5181,Fresh Farms,STR-CLAM-12,strawberries,60,cases,S5181-49,2026-09-10T13:02:15+00:00
PACK-5182,PO-5182,Valley Mist 6,STR-CLAM-12,strawberries,20,cases,S5182-71,2026-09-10T12:35:58+00:00
PACK-5183,PO-5183,Valley Mist,ICE-HD-24,iceberg,52,cases,I5183-37,2026-09-07T13:30:38+00:00
PACK-5184,PO-5184,GreenLeaf Produce 2,BLU-FLAT-12,blueberries,36,cases,B5184-82,2026-09-10T12:56:48+00:00
PACK-5185,PO-5185,Coastal Crisp 5,ROM-ICE-24,romaine,40,cases,R5185-76,2026-09-07T14:12:35+00:00
PACK-5186,PO-5186,Fresh Farms 3,BLU-FLAT-12,blueberries,12,cases,B5186-68,2026-09-09T12:56:13+00:00
PACK-5186,PO-5186,Fresh Farms 3,ROM-ICE-24,romaine,48,cases,R5186-68,2026-09-09T12:56:13+00:00
PACK-5187,PO-5187,North Fork Cold 2,AVO-CS-48,avocado,12,cases,A5187-37,2026-09-09T11:54:29+00:00
PACK-5188,PO-5188,Valley Mist,ROM-ICE-24,romaine,16,cases,R5188-70,2026-09-09T07:31:27+00:00
PACK-5189,PO-5189,Sunridge Organics 3,CUC-CTN-24,cucumbers,48,cases,C5189-57,2026-09-07T10:37:11+00:00
PACK-5190,PO-5190,Harbor Greens 4,PEP-BLST-20,peppers,60,cases,P5190-27,2026-09-12T10:23:28+00:00
PACK-5191,PO-5191,Berry Grove Co,ROM-ICE-24,romaine,24,cases,R5191-10,2026-09-10T10:06:07+00:00
PACK-5192,PO-5192,Sunridge Organics,BLU-FLAT-12,blueberries,24,cases,B5192-41,2026-09-10T15:28:19+00:00
PACK-5193,PO-5193,Berry Grove Co,ROM-ICE-24,romaine,48,cases,R5193-88,2026-09-09T08:27:17+00:00
PACK-5194,PO-5194,Fresh Farms,CAR-BAG-50,carrots,50,cases,C5194-86,2026-09-11T14:40:56+00:00
PACK-5194,PO-5194,Fresh Farms,PEP-BLST-20,peppers,12,cases,P5194-41,2026-09-11T14:40:56+00:00
PACK-5195,PO-5195,Berry Grove Co,LET-BIB-12,lettuce,20,cases,L5195-74,2026-09-10T10:33:28+00:00
PACK-5196,PO-5196,Sierra Packing 5,CAR-BAG-50,carrots,40,cases,C5196-40,2026-09-12T09:07:52+00:00
PACK-5197,PO-5197,Sierra Packing,ROM-ICE-24,romaine,20,cases,R5197-90,2026-09-08T08:21:42+00:00
PACK-5198,PO-5198,Fresh Farms,PEP-BLST-20,peppers,60,cases,P5198-50,2026-09-10T11:52:31+00:00
PACK-5199,PO-5199,CoolChain Farms,ICE-HD-24,iceberg,16,cases,I5199-28,2026-09-10T10:37:09+00:00
PACK-5200,PO-5200,Harbor Greens,ROM-ICE-24,romaine,24,cases,R5200-42,2026-09-11T14:56:03+00:00
PACK-5201,PO-5201,Harbor Greens 5,POT-RUS-50,potatoes,24,cases,P5201-16,2026-09-07T12:39:05+00:00
PACK-5201,PO-5201,Harbor Greens 5,SPI-BCH-24,spinach,12,cases,S5201-19,2026-09-07T12:39:05+00:00
PACK-5202,PO-5202,Berry Grove Co 3,STR-CLAM-12,strawberries,40,cases,S5202-48,2026-09-07T13:37:37+00:00
PACK-5203,PO-5203,CoolChain Farms 6,ORG-CTN-40,oranges,50,cases,O5203-41,2026-09-12T07:15:13+00:00
PACK-5203,PO-5203,CoolChain Farms 6,ONI-SK-50,onions,24,cases,O5203-60,2026-09-12T07:15:13+00:00
PACK-5204,PO-5204,North Fork Cold 3,CUC-CTN-24,cucumbers,22,cases,C5204-56,2026-09-12T11:50:20+00:00
PACK-5205,PO-5205,Fresh Farms,SQU-YLW-20,squash,24,cases,S5205-57,2026-09-09T11:22:29+00:00
PACK-5206,PO-5206,Blue Mesa Farms 4,SPI-BCH-24,spinach,48,cases,S5206-47,2026-09-08T07:31:36+00:00
PACK-5206,PO-5206,Blue Mesa Farms 4,ROM-ICE-24,romaine,40,cases,R5206-39,2026-09-08T07:31:36+00:00
PACK-5207,PO-5207,North Fork Cold,KAL-BCH-12,kale,50,cases,K5207-92,2026-09-08T14:14:15+00:00
PACK-5208,PO-5208,GreenLeaf Produce 3,POT-RUS-50,potatoes,50,cases,P5208-33,2026-09-10T11:03:10+00:00
PACK-5209,PO-5209,North Fork Cold 6,MSH-CTN-10,mushrooms,8,cases,M5209-62,2026-09-12T11:45:41+00:00
PACK-5209,PO-5209,North Fork Cold 6,ROM-ICE-24,romaine,20,cases,R5209-29,2026-09-12T11:45:41+00:00
PACK-5210,PO-5210,Valley Mist,BET-BCH-20,beets,50,cases,B5210-94,2026-09-07T11:26:29+00:00
PACK-5211,PO-5211,Harbor Greens,POT-RUS-50,potatoes,60,cases,P5211-46,2026-09-09T07:11:34+00:00
PACK-5211,PO-5211,Harbor Greens,ROM-ICE-24,romaine,48,cases,R5211-32,2026-09-09T07:11:34+00:00
PACK-5212,PO-5212,Fresh Farms,SPI-BCH-24,spinach,40,cases,S5212-44,2026-09-07T07:57:33+00:00
PACK-5213,PO-5213,Red River Produce 6,ORG-CTN-40,oranges,24,cases,O5213-48,2026-09-11T07:48:23+00:00
PACK-5214,PO-5214,Coastal Crisp 2,ROM-ICE-24,romaine,48,cases,R5214-58,2026-09-10T14:22:05+00:00
PACK-5215,PO-5215,Fresh Farms,MSH-CTN-10,mushrooms,40,cases,M5215-82,2026-09-09T07:36:40+00:00
PACK-5215,PO-5215,Fresh Farms,LIM-CTN-40,limes,16,cases,L5215-77,2026-09-09T07:36:40+00:00
PACK-5216,PO-5216,Coastal Crisp 5,ICE-HD-24,iceberg,12,cases,I5216-19,2026-09-12T09:05:13+00:00
PACK-5217,PO-5217,Blue Mesa Farms,BET-BCH-20,beets,40,cases,B5217-12,2026-09-10T09:31:57+00:00
PACK-5217,PO-5217,Blue Mesa Farms,LMN-CTN-40,lemons,20,cases,L5217-60,2026-09-10T09:31:57+00:00
PACK-5218,PO-5218,Harbor Greens,AVO-CS-48,avocado,60,cases,A5218-52,2026-09-12T09:41:10+00:00
PACK-5219,PO-5219,Sierra Packing 3,ICE-HD-24,iceberg,40,cases,I5219-16,2026-09-08T13:26:08+00:00
PACK-5220,PO-5220,Fresh Farms,HRB-MIX-12,herbs,48,cases,H5220-51,2026-09-07T09:06:53+00:00
PACK-5221,PO-5221,Sunridge Organics 7,BRO-CRN-20,broccoli,48,cases,B5221-65,2026-09-07T09:27:50+00:00
PACK-5222,PO-5222,Pacific Pack,STR-CLAM-12,strawberries,16,cases,S5222-20,2026-09-07T12:07:42+00:00
PACK-5223,PO-5223,Red River Produce 3,SPI-BCH-24,spinach,16,cases,S5223-21,2026-09-08T10:22:45+00:00
PACK-5224,PO-5224,Valley Mist,ROM-ICE-24,romaine,48,cases,R5224-67,2026-09-07T09:45:28+00:00
PACK-5224,PO-5224,Valley Mist,BRO-CRN-20,broccoli,60,cases,B5224-62,2026-09-07T09:45:28+00:00
PACK-5225,PO-5225,Harbor Greens,KAL-BCH-12,kale,48,cases,K5225-11,2026-09-07T07:53:22+00:00
PACK-5226,PO-5226,Fresh Farms,LIM-CTN-40,limes,54,cases,L5226-97,2026-09-08T10:26:49+00:00
PACK-5227,PO-5227,CoolChain Farms,STR-CLAM-12,strawberries,30,cases,S5227-63,2026-09-08T08:19:17+00:00
PACK-5227,PO-5227,CoolChain Farms,SPI-BCH-24,spinach,16,cases,S5227-56,2026-09-08T08:19:17+00:00
PACK-5228,PO-5228,Valley Mist 2,TOM-VINE-25,tomatoes,20,cases,T5228-48,2026-09-08T09:14:46+00:00
PACK-5229,PO-5229,Coastal Crisp 4,KAL-BCH-12,kale,40,cases,K5229-65,2026-09-07T10:30:21+00:00
PACK-5230,PO-5230,Fresh Farms 7,CAR-BAG-50,carrots,14,cases,C5230-50,2026-09-11T14:28:41+00:00
PACK-5231,PO-5231,GreenLeaf Produce,LMN-CTN-40,lemons,24,cases,L5231-51,2026-09-07T10:31:20+00:00
PACK-5232,PO-5232,Pacific Pack,STR-CLAM-12,strawberries,60,cases,S5232-33,2026-09-08T14:06:50+00:00
PACK-5233,PO-5233,Sunridge Organics 6,STR-CLAM-12,strawberries,30,cases,S5233-98,2026-09-10T11:49:01+00:00
PACK-5234,PO-5234,Blue Mesa Farms 3,CEL-BCH-30,celery,24,cases,C5234-42,2026-09-07T14:22:50+00:00
PACK-5235,PO-5235,Sierra Packing 3,CAR-BAG-50,carrots,38,cases,C5235-79,2026-09-10T13:14:27+00:00
PACK-5236,PO-5236,Harbor Greens 2,RAD-BCH-24,radish,16,cases,R5236-41,2026-09-07T15:23:23+00:00
PACK-5237,PO-5237,High Desert Growers 2,CUC-CTN-24,cucumbers,48,cases,C5237-52,2026-09-10T10:09:10+00:00
PACK-5238,PO-5238,Fresh Farms,CRN-EAR-48,corn,60,cases,C5238-84,2026-09-12T10:48:06+00:00
PACK-5239,PO-5239,Valley Mist,CAR-BAG-50,carrots,60,cases,C5239-29,2026-09-10T09:01:28+00:00
PACK-5240,PO-5240,Fresh Farms,ROM-ICE-24,romaine,20,cases,R5240-54,2026-09-08T07:20:30+00:00
PACK-5241,PO-5241,Berry Grove Co,ROM-ICE-24,romaine,50,cases,R5241-50,2026-09-08T11:01:50+00:00
PACK-5242,PO-5242,Prairie Lot 2,CUC-CTN-24,cucumbers,20,cases,C5242-41,2026-09-07T07:30:51+00:00
PACK-5243,PO-5243,CoolChain Farms,STR-CLAM-12,strawberries,48,cases,S5243-90,2026-09-09T11:50:10+00:00
PACK-5244,PO-5244,High Desert Growers,GBN-CTN-20,green beans,50,cases,,2026-09-07T12:35:42+00:00
PACK-5245,PO-5245,Harbor Greens 2,ONI-SK-50,onions,16,cases,O5245-83,2026-09-09T10:27:00+00:00
PACK-5246,PO-5246,Berry Grove Co,ROM-ICE-24,romaine,50,cases,R5246-77,2026-09-07T14:34:34+00:00
PACK-5247,PO-5247,Pacific Pack,KAL-BCH-12,kale,50,cases,K5247-89,2026-09-12T09:48:38+00:00
PACK-5248,PO-5248,Harbor Greens 3,PEP-BLST-20,peppers,40,cases,P5248-25,2026-09-07T12:52:45+00:00
PACK-5249,PO-5249,Valley Mist,AVO-CS-48,avocado,20,cases,A5249-83,2026-09-08T08:07:11+00:00
PACK-5250,PO-5250,Pacific Pack 2,BET-BCH-20,beets,20,cases,B5250-81,2026-09-08T08:43:31+00:00
PACK-5251,PO-5251,Berry Grove Co,ASP-BCH-11,asparagus,12,cases,A5251-72,2026-09-07T09:35:08+00:00
PACK-5252,PO-5252,Blue Mesa Farms 6,AVO-CS-48,avocado,50,cases,A5252-66,2026-09-07T14:05:24+00:00
PACK-5253,PO-5253,Fresh Farms,SPI-BCH-24,spinach,60,cases,S5253-46,2026-09-09T07:50:36+00:00
PACK-5254,PO-5254,CoolChain Farms 3,ROM-ICE-24,romaine,16,cases,R5254-44,2026-09-07T11:02:36+00:00
PACK-5255,PO-5255,Blue Mesa Farms,TOM-VINE-25,tomatoes,24,cases,T5255-64,2026-09-11T14:09:23+00:00
PACK-5256,PO-5256,Pacific Pack 3,ROM-ICE-24,romaine,30,cases,R5256-54,2026-09-07T14:12:41+00:00
PACK-5257,PO-5257,Blue Mesa Farms 4,STR-CLAM-12,strawberries,30,cases,S5257-31,2026-09-11T07:52:28+00:00
PACK-5258,PO-5258,Berry Grove Co 4,BLU-FLAT-12,blueberries,60,cases,B5258-31,2026-09-10T13:49:13+00:00
PACK-5259,PO-5259,GreenLeaf Produce,BLU-FLAT-12,blueberries,16,cases,B5259-62,2026-09-08T13:08:18+00:00
PACK-5260,PO-5260,Harbor Greens 4,ROM-ICE-24,romaine,20,cases,R5260-51,2026-09-12T15:36:17+00:00
PACK-5261,PO-5261,Red River Produce 2,CEL-BCH-30,celery,48,cases,C5261-58,2026-09-11T13:37:53+00:00
PACK-5261,PO-5261,Red River Produce 2,TOM-VINE-25,tomatoes,16,cases,T5261-61,2026-09-11T13:37:53+00:00
PACK-5262,PO-5262,GreenLeaf Produce 6,ICE-HD-24,iceberg,12,cases,I5262-21,2026-09-09T09:30:44+00:00
PACK-5263,PO-5263,Sunridge Organics 2,CAB-GRN-20,cabbage,42,cases,C5263-64,2026-09-10T11:02:40+00:00
PACK-5264,PO-5264,CoolChain Farms,BRO-CRN-20,broccoli,50,cases,B5264-53,2026-09-11T11:21:17+00:00
PACK-5265,PO-5265,Fresh Farms,TOM-VINE-25,tomatoes,16,cases,T5265-30,2026-09-11T13:38:03+00:00
PACK-5266,PO-5266,Berry Grove Co,GBN-CTN-20,green beans,30,cases,G5266-30,2026-09-09T07:08:27+00:00
PACK-5267,PO-5267,Fresh Farms,KAL-BCH-12,kale,20,cases,K5267-16,2026-09-11T14:36:17+00:00
PACK-5268,PO-5268,Blue Mesa Farms 2,ROM-ICE-24,romaine,16,cases,R5268-10,2026-09-08T09:44:46+00:00
PACK-5269,PO-5269,GreenLeaf Produce 2,ROM-ICE-24,romaine,36,cases,R5269-64,2026-09-07T07:47:08+00:00
PACK-5270,PO-5270,Berry Grove Co,ROM-ICE-24,romaine,40,cases,R5270-57,2026-09-10T11:12:04+00:00
PACK-5271,PO-5271,Sunridge Organics 3,PEP-BLST-20,peppers,8,cases,P5271-82,2026-09-11T08:18:24+00:00
PACK-5272,PO-5272,Coastal Crisp,CRN-EAR-48,corn,48,cases,C5272-88,2026-09-07T12:40:10+00:00
PACK-5273,PO-5273,Fresh Farms,ROM-ICE-24,romaine,40,cases,R5273-64,2026-09-10T14:28:13+00:00
PACK-5273,PO-5273,Fresh Farms,SPI-BCH-24,spinach,14,cases,S5273-45,2026-09-10T14:28:13+00:00
PACK-5274,PO-5274,GreenLeaf Produce 2,LET-BIB-12,lettuce,12,cases,L5274-94,2026-09-10T09:15:35+00:00
PACK-5275,PO-5275,CoolChain Farms 2,SPI-BCH-24,spinach,12,cases,S5275-40,2026-09-11T08:53:33+00:00
PACK-5276,PO-5276,North Fork Cold,GBN-CTN-20,green beans,12,cases,G5276-56,2026-09-09T08:05:15+00:00
PACK-5276,PO-5276,North Fork Cold,BET-BCH-20,beets,20,cases,B5276-59,2026-09-09T08:05:15+00:00
PACK-5277,PO-5277,Valley Mist,ICE-HD-24,iceberg,16,cases,I5277-12,2026-09-11T11:59:26+00:00
PACK-5278,PO-5278,Berry Grove Co,AVO-CS-48,avocado,30,cases,A5278-90,2026-09-09T07:15:16+00:00
PACK-5279,PO-5279,High Desert Growers,BLU-FLAT-12,blueberries,20,cases,B5279-45,2026-09-10T13:40:26+00:00
PACK-5279,PO-5279,High Desert Growers,ROM-ICE-24,romaine,16,cases,R5279-75,2026-09-10T13:40:26+00:00
PACK-5280,PO-5280,Fresh Farms,CEL-BCH-30,celery,16,cases,C5280-49,2026-09-12T15:26:51+00:00
PACK-5281,PO-5281,Berry Grove Co,TOM-VINE-25,tomatoes,50,cases,T5281-88,2026-09-10T13:21:54+00:00
PACK-5281,PO-5281,Berry Grove Co,CAR-BAG-50,carrots,30,cases,C5281-95,2026-09-10T13:21:54+00:00
PACK-5282,PO-5282,Fresh Farms,ROM-ICE-24,romaine,44,cases,R5282-76,2026-09-10T13:27:11+00:00
PACK-5282,PO-5282,Fresh Farms,BLU-FLAT-12,blueberries,26,cases,B5282-57,2026-09-10T13:27:11+00:00
PACK-5283,PO-5283,GreenLeaf Produce,ROM-ICE-24,romaine,48,cases,R5283-44,2026-09-07T13:47:55+00:00
PACK-5284,PO-5284,Berry Grove Co 7,TOM-VINE-25,tomatoes,40,cases,T5284-17,2026-09-09T09:22:45+00:00
PACK-5284,PO-5284,Berry Grove Co 7,ICE-HD-24,iceberg,20,cases,I5284-57,2026-09-09T09:22:45+00:00
PACK-5285,PO-5285,Pacific Pack 5,STR-CLAM-12,strawberries,56,cases,S5285-15,2026-09-07T13:43:06+00:00
PACK-5286,PO-5286,Fresh Farms,ROM-ICE-24,romaine,12,cases,R5286-80,2026-09-11T07:14:15+00:00
PACK-5287,PO-5287,Coastal Crisp 2,AVO-CS-48,avocado,40,cases,A5287-44,2026-09-11T13:13:47+00:00
PACK-5288,PO-5288,Fresh Farms,STR-CLAM-12,strawberries,60,cases,S5288-15,2026-09-11T12:00:23+00:00
PACK-5289,PO-5289,Sunridge Organics,SPI-BCH-24,spinach,16,cases,S5289-80,2026-09-12T07:43:56+00:00
PACK-5290,PO-5290,GreenLeaf Produce,STR-CLAM-12,strawberries,40,cases,S5290-85,2026-09-09T10:16:12+00:00
PACK-5291,PO-5291,North Fork Cold 3,LET-BIB-12,lettuce,18,cases,L5291-10,2026-09-12T15:38:49+00:00
PACK-5292,PO-5292,Blue Mesa Farms,GBN-CTN-20,green beans,40,cases,G5292-10,2026-09-12T07:20:14+00:00
PACK-5293,PO-5293,CoolChain Farms 3,BLU-FLAT-12,blueberries,24,cases,B5293-63,2026-09-10T10:20:54+00:00
PACK-5293,PO-5293,CoolChain Farms 3,ICE-HD-24,iceberg,12,cases,I5293-28,2026-09-10T10:20:54+00:00
PACK-5294,PO-5294,Harbor Greens 5,CAU-HD-12,cauliflower,46,cases,C5294-84,2026-09-10T07:55:02+00:00
PACK-5295,PO-5295,GreenLeaf Produce 4,ROM-ICE-24,romaine,20,cases,R5295-40,2026-09-07T08:16:40+00:00
PACK-5296,PO-5296,Prairie Lot 5,POT-RUS-50,potatoes,40,cases,P5296-67,2026-09-08T14:23:20+00:00
PACK-5297,PO-5297,Fresh Farms,ROM-ICE-24,romaine,50,cases,R5297-69,2026-09-08T07:46:12+00:00
PACK-5297,PO-5297,Fresh Farms,SPI-BCH-24,spinach,16,cases,S5297-78,2026-09-08T07:46:12+00:00
PACK-5298,PO-5298,Coastal Crisp,ROM-ICE-24,romaine,20,cases,R5298-97,2026-09-08T13:42:13+00:00
PACK-5299,PO-5299,GreenLeaf Produce 2,KAL-BCH-12,kale,16,cases,K5299-41,2026-09-08T13:08:44+00:00
PACK-5300,PO-5300,Fresh Farms,ORG-CTN-40,oranges,12,cases,O5300-61,2026-09-12T10:30:32+00:00
PACK-5301,PO-5301,Blue Mesa Farms,ZUC-CS-20,zucchini,20,cases,Z5301-25,2026-09-11T11:52:47+00:00
PACK-5302,PO-5302,Valley Mist 7,AVO-CS-48,avocado,16,cases,A5302-84,2026-09-07T14:13:49+00:00
PACK-5303,PO-5303,Fresh Farms,CUC-CTN-24,cucumbers,20,cases,C5303-21,2026-09-09T14:57:52+00:00
PACK-5304,PO-5304,CoolChain Farms,ROM-ICE-24,romaine,48,cases,R5304-60,2026-09-11T14:12:51+00:00
PACK-5305,PO-5305,High Desert Growers,STR-CLAM-12,strawberries,30,cases,S5305-67,2026-09-09T10:23:43+00:00
PACK-5306,PO-5306,Valley Mist 2,ICE-HD-24,iceberg,60,cases,I5306-71,2026-09-11T07:25:39+00:00
PACK-5307,PO-5307,Fresh Farms,CAB-GRN-20,cabbage,20,cases,C5307-58,2026-09-07T09:31:24+00:00
PACK-5308,PO-5308,Blue Mesa Farms,BRO-CRN-20,broccoli,40,cases,B5308-59,2026-09-11T10:11:30+00:00
PACK-5309,PO-5309,GreenLeaf Produce 2,LET-BIB-12,lettuce,12,cases,L5309-70,2026-09-08T07:21:20+00:00
PACK-5310,PO-5310,Red River Produce 7,CUC-CTN-24,cucumbers,30,cases,C5310-78,2026-09-09T13:40:37+00:00
PACK-5310,PO-5310,Red River Produce 7,ZUC-CS-20,zucchini,12,cases,Z5310-38,2026-09-09T13:40:37+00:00
PACK-5311,PO-5311,Pacific Pack,CAR-BAG-50,carrots,40,cases,C5311-85,2026-09-09T15:31:51+00:00
PACK-5312,PO-5312,High Desert Growers 6,HRB-MIX-12,herbs,50,cases,H5312-79,2026-09-07T13:06:22+00:00
PACK-5312,PO-5312,High Desert Growers 6,SPI-BCH-24,spinach,50,cases,S5312-14,2026-09-07T13:06:22+00:00
PACK-5313,PO-5313,Berry Grove Co,KAL-BCH-12,kale,24,cases,K5313-26,2026-09-07T09:07:38+00:00
PACK-5314,PO-5314,Prairie Lot 3,ROM-ICE-24,romaine,20,cases,R5314-24,2026-09-08T08:38:58+00:00
PACK-5314,PO-5314,Prairie Lot 3,MSH-CTN-10,mushrooms,40,cases,M5314-19,2026-09-08T08:38:58+00:00
PACK-5315,PO-5315,Pacific Pack,KAL-BCH-12,kale,10,cases,K5315-91,2026-09-08T15:10:42+00:00
PACK-5316,PO-5316,Berry Grove Co,BET-BCH-20,beets,40,cases,B5316-38,2026-09-12T12:40:20+00:00
PACK-5317,PO-5317,Pacific Pack,ROM-ICE-24,romaine,12,cases,R5317-99,2026-09-10T14:05:11+00:00
PACK-5318,PO-5318,Sunridge Organics 7,CAR-BAG-50,carrots,20,cases,C5318-73,2026-09-12T10:28:54+00:00
PACK-5318,PO-5318,Sunridge Organics 7,ROM-ICE-24,romaine,10,cases,R5318-54,2026-09-12T10:28:54+00:00
PACK-5319,PO-5319,GreenLeaf Produce 5,PEP-BLST-20,peppers,40,cases,P5319-67,2026-09-12T08:33:40+00:00
PACK-5320,PO-5320,Blue Mesa Farms 2,ROM-ICE-24,romaine,8,cases,R5320-59,2026-09-07T08:55:15+00:00
PACK-5321,PO-5321,GreenLeaf Produce 5,KAL-BCH-12,kale,48,cases,K5321-22,2026-09-09T10:42:10+00:00
PACK-5322,PO-5322,Prairie Lot,TOM-VINE-25,tomatoes,12,cases,T5322-47,2026-09-11T13:51:55+00:00
PACK-5323,PO-5323,Fresh Farms,STR-CLAM-12,strawberries,12,cases,S5323-53,2026-09-07T09:21:06+00:00
PACK-5324,PO-5324,North Fork Cold,CUC-CTN-24,cucumbers,48,cases,C5324-30,2026-09-09T12:22:57+00:00
PACK-5325,PO-5325,Berry Grove Co 7,POT-RUS-50,potatoes,60,cases,P5325-43,2026-09-07T09:57:13+00:00
PACK-5326,PO-5326,Fresh Farms,MSH-CTN-10,mushrooms,20,cases,M5326-16,2026-09-10T09:40:15+00:00
PACK-5327,PO-5327,GreenLeaf Produce,ICE-HD-24,iceberg,16,cases,I5327-13,2026-09-08T10:46:05+00:00
PACK-5328,PO-5328,GreenLeaf Produce 7,SPI-BCH-24,spinach,48,cases,S5328-70,2026-09-07T12:34:18+00:00
PACK-5329,PO-5329,Fresh Farms,KAL-BCH-12,kale,40,cases,K5329-33,2026-09-09T12:46:16+00:00
PACK-5330,PO-5330,Sunridge Organics,BRO-CRN-20,broccoli,28,cases,B5330-95,2026-09-09T09:22:28+00:00
PACK-5331,PO-5331,Fresh Farms 4,CAR-BAG-50,carrots,60,cases,C5331-17,2026-09-07T12:50:22+00:00
PACK-5332,PO-5332,High Desert Growers,BET-BCH-20,beets,24,cases,B5332-70,2026-09-11T14:07:33+00:00
PACK-5333,PO-5333,Red River Produce 4,CAU-HD-12,cauliflower,20,cases,C5333-25,2026-09-08T10:30:57+00:00
PACK-5334,PO-5334,Coastal Crisp 6,ZUC-CS-20,zucchini,16,cases,Z5334-64,2026-09-12T10:57:11+00:00
PACK-5335,PO-5335,Berry Grove Co,CAR-BAG-50,carrots,40,cases,C5335-18,2026-09-07T12:57:27+00:00
PACK-5335,PO-5335,Berry Grove Co,ROM-ICE-24,romaine,60,cases,R5335-60,2026-09-07T12:57:27+00:00
PACK-5336,PO-5336,Sierra Packing,CEL-BCH-30,celery,60,cases,C5336-63,2026-09-09T14:26:17+00:00
PACK-5337,PO-5337,Prairie Lot,BET-BCH-20,beets,16,cases,B5337-82,2026-09-07T08:24:09+00:00
PACK-5338,PO-5338,Harbor Greens 4,SPI-BCH-24,spinach,50,cases,S5338-83,2026-09-11T13:50:18+00:00
PACK-5339,PO-5339,GreenLeaf Produce,PEP-BLST-20,peppers,48,cases,P5339-14,2026-09-09T07:27:11+00:00
PACK-5340,PO-5340,Sierra Packing 2,RAD-BCH-24,radish,40,cases,R5340-12,2026-09-08T14:38:21+00:00
PACK-5341,PO-5341,CoolChain Farms,PEP-BLST-20,peppers,24,cases,P5341-27,2026-09-08T13:54:19+00:00
PACK-5342,PO-5342,Sunridge Organics 3,AVO-CS-48,avocado,16,cases,A5342-34,2026-09-08T13:28:28+00:00
PACK-5343,PO-5343,Pacific Pack,ASP-BCH-11,asparagus,12,cases,A5343-75,2026-09-09T14:55:52+00:00
PACK-5344,PO-5344,Prairie Lot 2,MSH-CTN-10,mushrooms,12,cases,M5344-32,2026-09-11T07:41:19+00:00
PACK-5344,PO-5344,Prairie Lot 2,STR-CLAM-12,strawberries,24,cases,S5344-17,2026-09-11T07:41:19+00:00
PACK-5345,PO-5345,Blue Mesa Farms 5,KAL-BCH-12,kale,50,cases,K5345-74,2026-09-08T11:01:03+00:00
PACK-5346,PO-5346,Red River Produce 2,CAR-BAG-50,carrots,20,cases,C5346-70,2026-09-08T15:00:07+00:00
PACK-5347,PO-5347,Berry Grove Co,PEP-BLST-20,peppers,30,cases,P5347-13,2026-09-09T10:07:22+00:00
PACK-5348,PO-5348,Prairie Lot,CUC-CTN-24,cucumbers,24,cases,C5348-44,2026-09-08T08:31:54+00:00
PACK-5349,PO-5349,Blue Mesa Farms 4,RAD-BCH-24,radish,20,cases,R5349-86,2026-09-10T11:30:01+00:00
PACK-5349,PO-5349,Blue Mesa Farms 4,CAB-GRN-20,cabbage,24,cases,C5349-42,2026-09-10T11:30:01+00:00
PACK-5350,PO-5350,Prairie Lot 2,AVO-CS-48,avocado,48,cases,A5350-54,2026-09-09T15:10:19+00:00
PACK-5351,PO-5351,CoolChain Farms,AVO-CS-48,avocado,16,cases,A5351-10,2026-09-09T08:59:29+00:00
PACK-5352,PO-5352,High Desert Growers 4,CAR-BAG-50,carrots,30,cases,C5352-97,2026-09-09T12:47:53+00:00
PACK-5353,PO-5353,High Desert Growers 7,SPI-BCH-24,spinach,30,cases,S5353-34,2026-09-07T07:40:21+00:00
PACK-5354,PO-5354,High Desert Growers 5,KAL-BCH-12,kale,20,cases,K5354-13,2026-09-07T13:39:15+00:00
PACK-5355,PO-5355,GreenLeaf Produce,POT-RUS-50,potatoes,24,cases,P5355-53,2026-09-10T15:38:18+00:00
PACK-5356,PO-5356,Sierra Packing,PEP-BLST-20,peppers,60,cases,P5356-48,2026-09-10T09:01:43+00:00
PACK-5357,PO-5357,Fresh Farms 5,TOM-VINE-25,tomatoes,30,cases,T5357-81,2026-09-11T14:18:42+00:00
PACK-5358,PO-5358,High Desert Growers 5,KAL-BCH-12,kale,30,cases,K5358-63,2026-09-10T08:41:43+00:00
PACK-5358,PO-5358,High Desert Growers 5,CAB-GRN-20,cabbage,40,cases,C5358-57,2026-09-10T08:41:43+00:00
PACK-5359,PO-5359,North Fork Cold 4,CEL-BCH-30,celery,16,cases,C5359-70,2026-09-08T09:38:29+00:00
PACK-5359,PO-5359,North Fork Cold 4,GBN-CTN-20,green beans,60,cases,G5359-25,2026-09-08T09:38:29+00:00
PACK-5360,PO-5360,CoolChain Farms,ROM-ICE-24,romaine,24,cases,R5360-53,2026-09-11T10:23:33+00:00
PACK-5361,PO-5361,Sunridge Organics 5,ASP-BCH-11,asparagus,16,cases,A5361-72,2026-09-08T11:59:57+00:00
PACK-5361,PO-5361,Sunridge Organics 5,KAL-BCH-12,kale,14,cases,K5361-91,2026-09-08T11:59:57+00:00
PACK-5362,PO-5362,Berry Grove Co,STR-CLAM-12,strawberries,16,cases,S5362-26,2026-09-07T10:59:17+00:00
PACK-5363,PO-5363,Pacific Pack,ROM-ICE-24,romaine,24,cases,R5363-57,2026-09-10T12:32:27+00:00
PACK-5364,PO-5364,High Desert Growers 3,PEP-BLST-20,peppers,28,cases,P5364-98,2026-09-12T14:44:20+00:00
PACK-5365,PO-5365,Fresh Farms,STR-CLAM-12,strawberries,12,cases,S5365-48,2026-09-11T09:47:08+00:00
PACK-5366,PO-5366,Sierra Packing,GBN-CTN-20,green beans,20,cases,G5366-53,2026-09-12T11:01:46+00:00
PACK-5367,PO-5367,Pacific Pack 3,RAD-BCH-24,radish,48,cases,R5367-12,2026-09-12T11:18:22+00:00
PACK-5368,PO-5368,Berry Grove Co,STR-CLAM-12,strawberries,48,cases,S5368-93,2026-09-08T13:20:08+00:00
PACK-5369,PO-5369,High Desert Growers 2,CAR-BAG-50,carrots,12,cases,C5369-94,2026-09-11T10:20:56+00:00
PACK-5370,PO-5370,Fresh Farms,AVO-CS-48,avocado,52,cases,A5370-70,2026-09-07T14:16:01+00:00
PACK-5371,PO-5371,Sierra Packing 2,CUC-CTN-24,cucumbers,60,cases,C5371-44,2026-09-10T08:53:44+00:00
PACK-5372,PO-5372,High Desert Growers,CEL-BCH-30,celery,30,cases,C5372-24,2026-09-10T13:06:08+00:00
PACK-5373,PO-5373,CoolChain Farms 2,LIM-CTN-40,limes,40,cases,L5373-62,2026-09-11T11:22:12+00:00
PACK-5374,PO-5374,North Fork Cold,ICE-HD-24,iceberg,24,cases,I5374-10,2026-09-08T07:28:35+00:00
PACK-5375,PO-5375,Fresh Farms,ROM-ICE-24,romaine,16,cases,R5375-75,2026-09-07T07:53:58+00:00
PACK-5376,PO-5376,Sunridge Organics 5,ORG-CTN-40,oranges,30,cases,O5376-43,2026-09-07T13:18:06+00:00
PACK-5377,PO-5377,Berry Grove Co,KAL-BCH-12,kale,40,cases,K5377-64,2026-09-09T07:59:52+00:00
PACK-5378,PO-5378,High Desert Growers 3,ROM-ICE-24,romaine,12,cases,R5378-55,2026-09-10T07:56:54+00:00
PACK-5378,PO-5378,High Desert Growers 3,CAU-HD-12,cauliflower,26,cases,C5378-57,2026-09-10T07:56:54+00:00
PACK-5379,PO-5379,Pacific Pack,AVO-CS-48,avocado,40,cases,A5379-93,2026-09-11T08:41:07+00:00
PACK-5380,PO-5380,Fresh Farms,HRB-MIX-12,herbs,20,cases,H5380-23,2026-09-11T08:33:07+00:00
PACK-5380,PO-5380,Fresh Farms,AVO-CS-48,avocado,50,cases,A5380-82,2026-09-11T08:33:07+00:00
PACK-5381,PO-5381,Pacific Pack,ASP-BCH-11,asparagus,20,cases,A5381-71,2026-09-10T08:40:39+00:00
PACK-5382,PO-5382,High Desert Growers,CUC-CTN-24,cucumbers,12,cases,C5382-96,2026-09-12T08:05:56+00:00
PACK-5382,PO-5382,High Desert Growers,BLU-FLAT-12,blueberries,24,cases,B5382-95,2026-09-12T08:05:56+00:00
PACK-5383,PO-5383,Sierra Packing 2,CUC-CTN-24,cucumbers,24,cases,C5383-71,2026-09-11T11:33:33+00:00
PACK-5383,PO-5383,Sierra Packing 2,KAL-BCH-12,kale,48,cases,K5383-29,2026-09-11T11:33:33+00:00
PACK-5384,PO-5384,High Desert Growers 7,BET-BCH-20,beets,60,cases,B5384-70,2026-09-11T11:53:57+00:00
PACK-5384,PO-5384,High Desert Growers 7,MSH-CTN-10,mushrooms,20,cases,M5384-19,2026-09-11T11:53:57+00:00
PACK-5385,PO-5385,CoolChain Farms,STR-CLAM-12,strawberries,48,cases,S5385-40,2026-09-10T09:52:15+00:00
PACK-5385,PO-5385,CoolChain Farms,ROM-ICE-24,romaine,50,cases,R5385-83,2026-09-10T09:52:15+00:00
PACK-5386,PO-5386,Coastal Crisp,CRN-EAR-48,corn,16,cases,C5386-61,2026-09-09T14:26:31+00:00
PACK-5387,PO-5387,Fresh Farms,LMN-CTN-40,lemons,30,cases,L5387-75,2026-09-08T11:53:35+00:00
PACK-5388,PO-5388,Coastal Crisp,ROM-ICE-24,romaine,30,cases,R5388-52,2026-09-09T12:43:42+00:00
PACK-5389,PO-5389,Sunridge Organics,TOM-VINE-25,tomatoes,16,cases,,2026-09-09T12:25:38+00:00
PACK-5390,PO-5390,CoolChain Farms,SPI-BCH-24,spinach,60,cases,S5390-57,2026-09-10T09:01:00+00:00
PACK-5391,PO-5391,Berry Grove Co,CRN-EAR-48,corn,48,cases,C5391-23,2026-09-10T07:31:57+00:00
PACK-5392,PO-5392,Fresh Farms,SQU-YLW-20,squash,24,cases,S5392-53,2026-09-08T08:48:12+00:00
PACK-5393,PO-5393,Prairie Lot 5,LET-BIB-12,lettuce,50,cases,L5393-68,2026-09-07T10:40:02+00:00
PACK-5394,PO-5394,Fresh Farms,POT-RUS-50,potatoes,60,cases,P5394-65,2026-09-10T15:17:32+00:00
PACK-5394,PO-5394,Fresh Farms,SQU-YLW-20,squash,50,cases,S5394-75,2026-09-10T15:17:32+00:00
PACK-5395,PO-5395,Sierra Packing 2,ROM-ICE-24,romaine,48,cases,R5395-94,2026-09-11T14:54:11+00:00
PACK-5396,PO-5396,Red River Produce,CAR-BAG-50,carrots,24,cases,C5396-45,2026-09-09T14:39:20+00:00
PACK-5397,PO-5397,Coastal Crisp,CAR-BAG-50,carrots,60,cases,C5397-48,2026-09-08T10:03:18+00:00
PACK-5397,PO-5397,Coastal Crisp,MSH-CTN-10,mushrooms,60,cases,M5397-50,2026-09-08T10:03:18+00:00
PACK-5398,PO-5398,Pacific Pack 2,ONI-SK-50,onions,40,cases,O5398-96,2026-09-10T15:06:35+00:00
PACK-5399,PO-5399,Berry Grove Co 7,ONI-SK-50,onions,40,cases,O5399-24,2026-09-07T13:11:41+00:00
PACK-5400,PO-5400,Berry Grove Co 2,PEP-BLST-20,peppers,60,cases,P5400-46,2026-09-10T11:55:30+00:00
PACK-5401,PO-5401,Fresh Farms,ROM-ICE-24,romaine,12,cases,R5401-35,2026-09-11T10:44:51+00:00
PACK-5401,PO-5401,Fresh Farms,SPI-BCH-24,spinach,20,cases,S5401-46,2026-09-11T10:44:51+00:00
PACK-5402,PO-5402,Fresh Farms,BLU-FLAT-12,blueberries,40,cases,B5402-67,2026-09-10T08:22:53+00:00
PACK-5403,PO-5403,CoolChain Farms 3,BRO-CRN-20,broccoli,24,cases,B5403-75,2026-09-07T14:32:43+00:00
PACK-5404,PO-5404,GreenLeaf Produce,AVO-CS-48,avocado,48,cases,A5404-97,2026-09-11T13:56:44+00:00
PACK-5404,PO-5404,GreenLeaf Produce,SPI-BCH-24,spinach,60,cases,S5404-11,2026-09-11T13:56:44+00:00
PACK-5405,PO-5405,Harbor Greens 4,RAD-BCH-24,radish,40,cases,R5405-85,2026-09-10T08:51:39+00:00
PACK-5406,PO-5406,North Fork Cold 3,STR-CLAM-12,strawberries,16,cases,S5406-33,2026-09-09T12:16:12+00:00
PACK-5407,PO-5407,Fresh Farms,BRO-CRN-20,broccoli,20,cases,B5407-30,2026-09-12T13:24:32+00:00
PACK-5408,PO-5408,CoolChain Farms,ROM-ICE-24,romaine,40,cases,R5408-86,2026-09-09T09:18:00+00:00
PACK-5409,PO-5409,CoolChain Farms 2,CAB-GRN-20,cabbage,54,cases,C5409-19,2026-09-07T15:05:40+00:00
PACK-5410,PO-5410,Berry Grove Co,CAB-GRN-20,cabbage,10,cases,C5410-79,2026-09-11T09:50:33+00:00
PACK-5411,PO-5411,Berry Grove Co,KAL-BCH-12,kale,30,cases,K5411-37,2026-09-09T07:55:22+00:00
PACK-5412,PO-5412,Sunridge Organics,LIM-CTN-40,limes,12,cases,L5412-24,2026-09-12T12:24:33+00:00
PACK-5413,PO-5413,Sunridge Organics 5,STR-CLAM-12,strawberries,12,cases,S5413-97,2026-09-10T10:56:15+00:00
PACK-5414,PO-5414,Blue Mesa Farms 3,BLU-FLAT-12,blueberries,30,cases,B5414-13,2026-09-11T10:23:58+00:00
PACK-5415,PO-5415,Valley Mist,ROM-ICE-24,romaine,24,cases,R5415-51,2026-09-12T14:08:49+00:00
PACK-5416,PO-5416,Berry Grove Co,CEL-BCH-30,celery,24,cases,C5416-95,2026-09-09T15:13:06+00:00
PACK-5417,PO-5417,Sierra Packing 2,SQU-YLW-20,squash,48,cases,S5417-92,2026-09-10T08:57:55+00:00
PACK-5418,PO-5418,Sierra Packing 2,KAL-BCH-12,kale,12,cases,K5418-16,2026-09-11T07:44:47+00:00
PACK-5419,PO-5419,Fresh Farms,AVO-CS-48,avocado,50,cases,A5419-90,2026-09-07T09:16:35+00:00
PACK-5420,PO-5420,Pacific Pack,CUC-CTN-24,cucumbers,12,cases,C5420-99,2026-09-08T09:49:01+00:00
PACK-5421,PO-5421,Red River Produce,SPI-BCH-24,spinach,16,cases,S5421-46,2026-09-11T10:11:59+00:00
PACK-5422,PO-5422,Pacific Pack,STR-CLAM-12,strawberries,24,cases,,2026-09-10T10:52:24+00:00
PACK-5422,PO-5422,Pacific Pack,ROM-ICE-24,romaine,48,cases,,2026-09-10T10:52:24+00:00
PACK-5423,PO-5423,GreenLeaf Produce,PEP-BLST-20,peppers,40,cases,P5423-11,2026-09-11T14:22:34+00:00
PACK-5423,PO-5423,GreenLeaf Produce,BRO-CRN-20,broccoli,60,cases,B5423-28,2026-09-11T14:22:34+00:00
PACK-5424,PO-5424,GreenLeaf Produce 2,ROM-ICE-24,romaine,24,cases,R5424-54,2026-09-07T07:10:36+00:00
PACK-5425,PO-5425,North Fork Cold 4,STR-CLAM-12,strawberries,24,cases,S5425-24,2026-09-07T14:51:41+00:00
PACK-5426,PO-5426,North Fork Cold 4,BRO-CRN-20,broccoli,30,cases,B5426-95,2026-09-07T13:57:36+00:00
PACK-5427,PO-5427,Berry Grove Co 3,KAL-BCH-12,kale,24,cases,K5427-22,2026-09-07T07:58:12+00:00
PACK-5428,PO-5428,Berry Grove Co,CEL-BCH-30,celery,30,cases,C5428-98,2026-09-08T07:43:57+00:00
PACK-5429,PO-5429,Valley Mist,STR-CLAM-12,strawberries,40,cases,S5429-41,2026-09-09T11:57:36+00:00
PACK-5430,PO-5430,High Desert Growers 2,ROM-ICE-24,romaine,40,cases,R5430-71,2026-09-11T13:12:47+00:00
PACK-5431,PO-5431,CoolChain Farms,CUC-CTN-24,cucumbers,16,cases,C5431-45,2026-09-09T10:11:49+00:00
PACK-5431,PO-5431,CoolChain Farms,ASP-BCH-11,asparagus,20,cases,A5431-78,2026-09-09T10:11:49+00:00
PACK-5432,PO-5432,Valley Mist 2,ROM-ICE-24,romaine,60,cases,R5432-90,2026-09-07T13:23:56+00:00
PACK-5432,PO-5432,Valley Mist 2,CAR-BAG-50,carrots,48,cases,C5432-85,2026-09-07T13:23:56+00:00
PACK-5433,PO-5433,GreenLeaf Produce,LET-BIB-12,lettuce,40,cases,L5433-60,2026-09-07T07:26:35+00:00
PACK-5434,PO-5434,GreenLeaf Produce 3,ICE-HD-24,iceberg,6,cases,I5434-56,2026-09-08T13:43:37+00:00
PACK-5434,PO-5434,GreenLeaf Produce 3,CUC-CTN-24,cucumbers,14,cases,C5434-67,2026-09-08T13:43:37+00:00
PACK-5435,PO-5435,Sunridge Organics 2,ICE-HD-24,iceberg,40,cases,I5435-15,2026-09-07T11:57:36+00:00
PACK-5436,PO-5436,Fresh Farms,PEP-BLST-20,peppers,52,cases,P5436-59,2026-09-08T11:17:14+00:00
PACK-5437,PO-5437,Fresh Farms,ONI-SK-50,onions,60,cases,O5437-91,2026-09-09T11:00:56+00:00
PACK-5438,PO-5438,GreenLeaf Produce,KAL-BCH-12,kale,48,cases,K5438-56,2026-09-11T14:15:47+00:00
PACK-5439,PO-5439,Fresh Farms,CAU-HD-12,cauliflower,60,cases,C5439-61,2026-09-09T14:47:53+00:00
PACK-5440,PO-5440,North Fork Cold,ROM-ICE-24,romaine,20,cases,R5440-66,2026-09-08T14:32:22+00:00
PACK-5441,PO-5441,High Desert Growers 2,STR-CLAM-12,strawberries,16,cases,S5441-94,2026-09-07T07:47:32+00:00
PACK-5442,PO-5442,Fresh Farms 3,ICE-HD-24,iceberg,20,cases,I5442-92,2026-09-08T14:03:21+00:00
PACK-5443,PO-5443,Fresh Farms,ROM-ICE-24,romaine,60,cases,R5443-15,2026-09-11T07:19:15+00:00
PACK-5444,PO-5444,Berry Grove Co,AVO-CS-48,avocado,12,cases,A5444-94,2026-09-11T08:23:03+00:00
PACK-5445,PO-5445,Berry Grove Co,ASP-BCH-11,asparagus,20,cases,A5445-38,2026-09-11T15:12:05+00:00
PACK-5446,PO-5446,Blue Mesa Farms 3,BLU-FLAT-12,blueberries,20,cases,B5446-97,2026-09-11T12:15:09+00:00
PACK-5447,PO-5447,Berry Grove Co 2,ROM-ICE-24,romaine,12,cases,R5447-35,2026-09-08T11:00:38+00:00
PACK-5448,PO-5448,Sierra Packing 2,STR-CLAM-12,strawberries,12,cases,S5448-78,2026-09-09T14:53:32+00:00
PACK-5449,PO-5449,North Fork Cold,BLU-FLAT-12,blueberries,12,cases,B5449-96,2026-09-09T08:08:05+00:00
PACK-5450,PO-5450,Valley Mist,TOM-VINE-25,tomatoes,50,cases,T5450-58,2026-09-10T11:35:26+00:00
PACK-5451,PO-5451,North Fork Cold 5,AVO-CS-48,avocado,30,cases,A5451-71,2026-09-08T13:59:47+00:00
PACK-5452,PO-5452,Fresh Farms,AVO-CS-48,avocado,24,cases,A5452-10,2026-09-11T14:53:54+00:00
PACK-5453,PO-5453,Prairie Lot,KAL-BCH-12,kale,24,cases,K5453-98,2026-09-10T13:52:00+00:00
PACK-5454,PO-5454,Fresh Farms,SPI-BCH-24,spinach,50,cases,S5454-82,2026-09-11T10:37:23+00:00
PACK-5455,PO-5455,Pacific Pack,CAB-GRN-20,cabbage,50,cases,C5455-32,2026-09-08T09:29:43+00:00
PACK-5456,PO-5456,GreenLeaf Produce,LET-BIB-12,lettuce,48,cases,L5456-27,2026-09-08T11:52:30+00:00
PACK-5457,PO-5457,Valley Mist 3,HRB-MIX-12,herbs,10,cases,H5457-75,2026-09-11T12:45:07+00:00
PACK-5458,PO-5458,Blue Mesa Farms,ROM-ICE-24,romaine,48,cases,R5458-91,2026-09-08T10:01:51+00:00
PACK-5459,PO-5459,Fresh Farms,ROM-ICE-24,romaine,30,cases,R5459-20,2026-09-07T07:54:52+00:00
PACK-5460,PO-5460,Berry Grove Co 6,BLU-FLAT-12,blueberries,12,cases,B5460-32,2026-09-09T13:18:24+00:00
PACK-5461,PO-5461,Berry Grove Co,BLU-FLAT-12,blueberries,24,cases,B5461-14,2026-09-10T10:52:00+00:00
PACK-5462,PO-5462,Blue Mesa Farms 2,ROM-ICE-24,romaine,24,cases,R5462-93,2026-09-11T11:29:33+00:00
PACK-5463,PO-5463,North Fork Cold 7,AVO-CS-48,avocado,24,cases,A5463-76,2026-09-07T08:28:05+00:00
PACK-5464,PO-5464,Blue Mesa Farms 5,SQU-YLW-20,squash,40,cases,S5464-54,2026-09-07T13:08:04+00:00
PACK-5465,PO-5465,CoolChain Farms 2,AVO-CS-48,avocado,4,cases,A5465-32,2026-09-12T09:29:14+00:00
PACK-5466,PO-5466,Fresh Farms,ROM-ICE-24,romaine,60,cases,R5466-42,2026-09-08T08:02:35+00:00
PACK-5467,PO-5467,Prairie Lot,KAL-BCH-12,kale,50,cases,K5467-41,2026-09-11T14:04:50+00:00
PACK-5468,PO-5468,Coastal Crisp,ASP-BCH-11,asparagus,50,cases,A5468-24,2026-09-10T15:20:49+00:00
PACK-5469,PO-5469,Sierra Packing 3,STR-CLAM-12,strawberries,40,cases,S5469-62,2026-09-08T10:23:40+00:00
PACK-5470,PO-5470,Fresh Farms,ROM-ICE-24,romaine,40,cases,R5470-19,2026-09-12T11:32:34+00:00
PACK-5471,PO-5471,CoolChain Farms,SPI-BCH-24,spinach,14,cases,S5471-35,2026-09-09T08:39:30+00:00
PACK-5472,PO-5472,GreenLeaf Produce,SPI-BCH-24,spinach,40,cases,S5472-29,2026-09-08T09:11:55+00:00
PACK-5473,PO-5473,Fresh Farms,ROM-ICE-24,romaine,60,cases,R5473-15,2026-09-11T08:09:58+00:00
PACK-5474,PO-5474,CoolChain Farms,ICE-HD-24,iceberg,60,cases,I5474-45,2026-09-11T10:18:39+00:00
PACK-5475,PO-5475,Fresh Farms,ICE-HD-24,iceberg,60,cases,I5475-14,2026-09-08T13:32:36+00:00
PACK-5476,PO-5476,Sierra Packing 2,ROM-ICE-24,romaine,60,cases,R5476-68,2026-09-09T10:29:55+00:00
PACK-5477,PO-5477,North Fork Cold 2,KAL-BCH-12,kale,30,cases,K5477-33,2026-09-08T07:12:00+00:00
PACK-5478,PO-5478,Sunridge Organics,STR-CLAM-12,strawberries,48,cases,S5478-36,2026-09-09T09:09:17+00:00
PACK-5479,PO-5479,Valley Mist,STR-CLAM-12,strawberries,20,cases,S5479-83,2026-09-08T13:33:23+00:00
PACK-5480,PO-5480,Fresh Farms 3,MSH-CTN-10,mushrooms,24,cases,M5480-28,2026-09-10T14:04:06+00:00
PACK-5481,PO-5481,Sunridge Organics,ICE-HD-24,iceberg,60,cases,I5481-78,2026-09-11T13:26:09+00:00
PACK-5482,PO-5482,CoolChain Farms,ROM-ICE-24,romaine,10,cases,R5482-17,2026-09-10T13:50:31+00:00
PACK-5483,PO-5483,High Desert Growers 4,KAL-BCH-12,kale,40,cases,K5483-56,2026-09-07T09:18:30+00:00
PACK-5484,PO-5484,GreenLeaf Produce,KAL-BCH-12,kale,24,cases,K5484-83,2026-09-09T15:05:51+00:00
PACK-5485,PO-5485,Berry Grove Co,PEP-BLST-20,peppers,50,cases,P5485-67,2026-09-09T12:40:34+00:00
PACK-5486,PO-5486,GreenLeaf Produce,ASP-BCH-11,asparagus,40,cases,A5486-63,2026-09-11T10:23:39+00:00
PACK-5487,PO-5487,Sunridge Organics 4,KAL-BCH-12,kale,40,cases,K5487-50,2026-09-10T12:00:25+00:00
PACK-5487,PO-5487,Sunridge Organics 4,CUC-CTN-24,cucumbers,30,cases,C5487-87,2026-09-10T12:00:25+00:00
PACK-5488,PO-5488,Coastal Crisp,BLU-FLAT-12,blueberries,50,cases,B5488-62,2026-09-10T09:26:56+00:00
PACK-5489,PO-5489,Fresh Farms,BET-BCH-20,beets,16,cases,B5489-36,2026-09-07T14:25:01+00:00
PACK-5490,PO-5490,Fresh Farms,ROM-ICE-24,romaine,48,cases,R5490-77,2026-09-07T08:00:06+00:00
PACK-5491,PO-5491,GreenLeaf Produce,BET-BCH-20,beets,48,cases,B5491-49,2026-09-10T07:50:06+00:00
PACK-5491,PO-5491,GreenLeaf Produce,STR-CLAM-12,strawberries,30,cases,S5491-66,2026-09-10T07:50:06+00:00
PACK-5492,PO-5492,High Desert Growers 4,KAL-BCH-12,kale,40,cases,K5492-70,2026-09-10T08:15:33+00:00
PACK-5492,PO-5492,High Desert Growers 4,TOM-VINE-25,tomatoes,60,cases,T5492-44,2026-09-10T08:15:33+00:00
PACK-5493,PO-5493,Blue Mesa Farms,CEL-BCH-30,celery,48,cases,C5493-77,2026-09-09T08:17:44+00:00
PACK-5494,PO-5494,North Fork Cold 5,ZUC-CS-20,zucchini,50,cases,Z5494-49,2026-09-10T11:41:19+00:00
PACK-5495,PO-5495,CoolChain Farms,CRN-EAR-48,corn,20,cases,C5495-54,2026-09-08T09:21:09+00:00
PACK-5496,PO-5496,Sierra Packing 2,ICE-HD-24,iceberg,6,cases,I5496-47,2026-09-08T11:41:00+00:00
PACK-5497,PO-5497,Blue Mesa Farms,BRO-CRN-20,broccoli,52,cases,B5497-30,2026-09-09T13:55:00+00:00
PACK-5498,PO-5498,Valley Mist 4,AVO-CS-48,avocado,24,cases,A5498-76,2026-09-10T12:38:24+00:00
PACK-5499,PO-5499,Fresh Farms 4,CUC-CTN-24,cucumbers,60,cases,C5499-44,2026-09-10T14:53:39+00:00
PACK-5500,PO-5500,Berry Grove Co,TOM-VINE-25,tomatoes,50,cases,T5500-44,2026-09-08T14:24:04+00:00
PACK-5500,PO-5500,Berry Grove Co,ONI-SK-50,onions,50,cases,O5500-34,2026-09-08T14:24:04+00:00
PACK-5501,PO-5501,Prairie Lot 6,ROM-ICE-24,romaine,30,cases,R5501-66,2026-09-08T08:25:03+00:00
PACK-5502,PO-5502,Fresh Farms,AVO-CS-48,avocado,50,cases,A5502-57,2026-09-10T09:07:05+00:00
PACK-5503,PO-5503,CoolChain Farms,LET-BIB-12,lettuce,6,cases,L5503-33,2026-09-09T13:53:02+00:00
PACK-5503,PO-5503,CoolChain Farms,STR-CLAM-12,strawberries,20,cases,S5503-11,2026-09-09T13:53:02+00:00
PACK-5504,PO-5504,GreenLeaf Produce,ORG-CTN-40,oranges,14,cases,O5504-22,2026-09-07T13:41:45+00:00
PACK-5505,PO-5505,Sunridge Organics,BET-BCH-20,beets,20,cases,B5505-90,2026-09-09T15:30:13+00:00
PACK-5506,PO-5506,Blue Mesa Farms,CUC-CTN-24,cucumbers,16,cases,C5506-16,2026-09-10T13:29:59+00:00
PACK-5507,PO-5507,Berry Grove Co,STR-CLAM-12,strawberries,22,cases,S5507-25,2026-09-11T08:59:07+00:00
PACK-5508,PO-5508,Prairie Lot 6,ICE-HD-24,iceberg,20,cases,I5508-57,2026-09-08T09:12:00+00:00
PACK-5509,PO-5509,North Fork Cold,BET-BCH-20,beets,12,cases,B5509-17,2026-09-11T09:15:10+00:00
PACK-5510,PO-5510,Blue Mesa Farms,STR-CLAM-12,strawberries,60,cases,S5510-92,2026-09-08T08:26:44+00:00
PACK-5510,PO-5510,Blue Mesa Farms,CRN-EAR-48,corn,50,cases,C5510-34,2026-09-08T08:26:44+00:00
PACK-5511,PO-5511,Berry Grove Co 3,ICE-HD-24,iceberg,50,cases,I5511-81,2026-09-07T10:21:22+00:00
PACK-5512,PO-5512,Berry Grove Co,KAL-BCH-12,kale,50,cases,K5512-45,2026-09-08T13:04:31+00:00
PACK-5513,PO-5513,Sierra Packing 4,STR-CLAM-12,strawberries,30,cases,S5513-43,2026-09-11T12:14:58+00:00
PACK-5513,PO-5513,Sierra Packing 4,BLU-FLAT-12,blueberries,50,cases,B5513-10,2026-09-11T12:14:58+00:00
PACK-5514,PO-5514,GreenLeaf Produce 3,KAL-BCH-12,kale,24,cases,K5514-51,2026-09-11T11:27:24+00:00
PACK-5515,PO-5515,GreenLeaf Produce 4,ICE-HD-24,iceberg,60,cases,I5515-29,2026-09-10T12:45:34+00:00
PACK-5516,PO-5516,High Desert Growers 2,CUC-CTN-24,cucumbers,12,cases,C5516-26,2026-09-10T09:53:26+00:00
PACK-5516,PO-5516,High Desert Growers 2,STR-CLAM-12,strawberries,12,cases,S5516-35,2026-09-10T09:53:26+00:00
PACK-5517,PO-5517,Fresh Farms,CUC-CTN-24,cucumbers,60,cases,C5517-89,2026-09-07T08:46:06+00:00
PACK-5518,PO-5518,Valley Mist,ROM-ICE-24,romaine,24,cases,R5518-93,2026-09-10T09:19:03+00:00
PACK-5519,PO-5519,Fresh Farms,BRO-CRN-20,broccoli,48,cases,B5519-57,2026-09-09T14:43:53+00:00
PACK-5519,PO-5519,Fresh Farms,CAB-GRN-20,cabbage,12,cases,C5519-88,2026-09-09T14:43:53+00:00
PACK-5520,PO-5520,Fresh Farms,STR-CLAM-12,strawberries,56,cases,S5520-22,2026-09-08T07:28:46+00:00
PACK-5520,PO-5520,Fresh Farms,POT-RUS-50,potatoes,54,cases,P5520-34,2026-09-08T07:28:46+00:00
PACK-5521,PO-5521,Prairie Lot,BRO-CRN-20,broccoli,16,cases,B5521-91,2026-09-07T12:44:15+00:00
PACK-5522,PO-5522,Harbor Greens 2,STR-CLAM-12,strawberries,20,cases,S5522-80,2026-09-09T12:53:29+00:00
PACK-5523,PO-5523,Berry Grove Co,KAL-BCH-12,kale,40,cases,K5523-80,2026-09-08T10:00:42+00:00
PACK-5524,PO-5524,Valley Mist,POT-RUS-50,potatoes,24,cases,P5524-82,2026-09-12T09:54:54+00:00
PACK-5525,PO-5525,Blue Mesa Farms,LMN-CTN-40,lemons,50,cases,L5525-60,2026-09-09T10:20:49+00:00
PACK-5526,PO-5526,GreenLeaf Produce 2,GBN-CTN-20,green beans,12,cases,G5526-48,2026-09-07T07:25:18+00:00
PACK-5526,PO-5526,GreenLeaf Produce 2,LIM-CTN-40,limes,24,cases,L5526-50,2026-09-07T07:25:18+00:00
PACK-5527,PO-5527,CoolChain Farms 4,BRO-CRN-20,broccoli,20,cases,B5527-22,2026-09-07T14:08:44+00:00
PACK-5528,PO-5528,Fresh Farms,SPI-BCH-24,spinach,30,cases,S5528-48,2026-09-07T10:10:09+00:00
PACK-5529,PO-5529,Blue Mesa Farms 5,KAL-BCH-12,kale,50,cases,K5529-32,2026-09-07T10:32:36+00:00
PACK-5529,PO-5529,Blue Mesa Farms 5,ICE-HD-24,iceberg,16,cases,I5529-86,2026-09-07T10:32:36+00:00
PACK-5530,PO-5530,Fresh Farms 4,ROM-ICE-24,romaine,40,cases,R5530-54,2026-09-10T07:27:46+00:00
PACK-5530,PO-5530,Fresh Farms 4,GBN-CTN-20,green beans,48,cases,G5530-63,2026-09-10T07:27:46+00:00
PACK-5531,PO-5531,Sunridge Organics 3,CAR-BAG-50,carrots,4,cases,C5531-90,2026-09-12T08:09:55+00:00
PACK-5532,PO-5532,Fresh Farms,KAL-BCH-12,kale,18,cases,K5532-16,2026-09-08T09:44:33+00:00
PACK-5533,PO-5533,Prairie Lot 6,ROM-ICE-24,romaine,40,cases,R5533-60,2026-09-10T15:38:25+00:00
PACK-5534,PO-5534,Sunridge Organics,AVO-CS-48,avocado,16,cases,A5534-61,2026-09-07T10:00:05+00:00
PACK-5534,PO-5534,Sunridge Organics,ICE-HD-24,iceberg,20,cases,I5534-27,2026-09-07T10:00:05+00:00
PACK-5535,PO-5535,Pacific Pack,CEL-BCH-30,celery,54,cases,C5535-41,2026-09-09T08:49:31+00:00
PACK-5536,PO-5536,CoolChain Farms,PEP-BLST-20,peppers,48,cases,P5536-56,2026-09-07T13:45:27+00:00
PACK-5536,PO-5536,CoolChain Farms,KAL-BCH-12,kale,40,cases,K5536-54,2026-09-07T13:45:27+00:00
PACK-5537,PO-5537,CoolChain Farms,ORG-CTN-40,oranges,50,cases,O5537-89,2026-09-09T07:20:49+00:00
PACK-5538,PO-5538,GreenLeaf Produce 4,STR-CLAM-12,strawberries,16,cases,S5538-24,2026-09-07T07:30:59+00:00
PACK-5539,PO-5539,Prairie Lot 5,ONI-SK-50,onions,16,cases,O5539-49,2026-09-10T09:12:39+00:00
PACK-5539,PO-5539,Prairie Lot 5,TOM-VINE-25,tomatoes,12,cases,T5539-52,2026-09-10T09:12:39+00:00
PACK-5540,PO-5540,Berry Grove Co,BRO-CRN-20,broccoli,20,cases,B5540-98,2026-09-07T11:43:13+00:00
PACK-5541,PO-5541,Berry Grove Co 2,SPI-BCH-24,spinach,12,cases,S5541-46,2026-09-10T07:17:24+00:00
PACK-5542,PO-5542,GreenLeaf Produce,ROM-ICE-24,romaine,48,cases,R5542-94,2026-09-07T13:04:39+00:00
PACK-5543,PO-5543,Sunridge Organics 2,ASP-BCH-11,asparagus,48,cases,A5543-39,2026-09-08T14:24:58+00:00
PACK-5543,PO-5543,Sunridge Organics 2,LIM-CTN-40,limes,60,cases,L5543-22,2026-09-08T14:24:58+00:00
PACK-5544,PO-5544,GreenLeaf Produce 2,ICE-HD-24,iceberg,50,cases,I5544-81,2026-09-11T11:16:55+00:00
PACK-5545,PO-5545,GreenLeaf Produce,ICE-HD-24,iceberg,20,cases,I5545-12,2026-09-12T07:19:02+00:00
PACK-5546,PO-5546,Valley Mist 2,LIM-CTN-40,limes,30,cases,L5546-17,2026-09-08T10:08:22+00:00
PACK-5547,PO-5547,Valley Mist 5,HRB-MIX-12,herbs,20,cases,H5547-53,2026-09-10T14:37:24+00:00
PACK-5548,PO-5548,Fresh Farms,PEP-BLST-20,peppers,24,cases,P5548-63,2026-09-11T12:44:08+00:00
PACK-5549,PO-5549,Prairie Lot 6,BLU-FLAT-12,blueberries,24,cases,B5549-93,2026-09-08T08:26:27+00:00
PACK-5550,PO-5550,Harbor Greens 3,ONI-SK-50,onions,60,cases,O5550-27,2026-09-07T11:45:43+00:00
PACK-5551,PO-5551,Fresh Farms,SPI-BCH-24,spinach,60,cases,S5551-78,2026-09-09T14:53:49+00:00
PACK-5552,PO-5552,CoolChain Farms,LET-BIB-12,lettuce,48,cases,L5552-62,2026-09-12T08:08:11+00:00
PACK-5553,PO-5553,GreenLeaf Produce 4,SPI-BCH-24,spinach,24,cases,S5553-23,2026-09-08T13:29:59+00:00
PACK-5554,PO-5554,Pacific Pack 7,BRO-CRN-20,broccoli,24,cases,B5554-86,2026-09-07T07:21:48+00:00
PACK-5555,PO-5555,Valley Mist,ROM-ICE-24,romaine,50,cases,R5555-93,2026-09-08T12:59:01+00:00
PACK-5556,PO-5556,North Fork Cold,STR-CLAM-12,strawberries,48,cases,S5556-11,2026-09-08T14:24:24+00:00
PACK-5557,PO-5557,Berry Grove Co,CRN-EAR-48,corn,16,cases,C5557-32,2026-09-12T15:14:26+00:00
PACK-5558,PO-5558,Harbor Greens 4,ASP-BCH-11,asparagus,24,cases,A5558-64,2026-09-12T15:32:28+00:00
PACK-5559,PO-5559,GreenLeaf Produce 3,AVO-CS-48,avocado,56,cases,A5559-76,2026-09-08T07:29:38+00:00
PACK-5560,PO-5560,Fresh Farms 5,AVO-CS-48,avocado,12,cases,A5560-81,2026-09-07T11:01:52+00:00
PACK-5561,PO-5561,Sierra Packing 6,AVO-CS-48,avocado,30,cases,A5561-46,2026-09-08T13:39:40+00:00
PACK-5562,PO-5562,CoolChain Farms 2,CAU-HD-12,cauliflower,50,cases,C5562-92,2026-09-09T10:44:18+00:00
PACK-5563,PO-5563,Fresh Farms,ONI-SK-50,onions,20,cases,O5563-60,2026-09-09T13:17:32+00:00
PACK-5564,PO-5564,Berry Grove Co,CAU-HD-12,cauliflower,50,cases,C5564-21,2026-09-08T10:58:01+00:00
PACK-5565,PO-5565,Sunridge Organics 5,ROM-ICE-24,romaine,24,cases,R5565-67,2026-09-08T13:02:41+00:00
PACK-5566,PO-5566,Harbor Greens 2,BLU-FLAT-12,blueberries,20,cases,B5566-58,2026-09-10T07:51:33+00:00
PACK-5567,PO-5567,Berry Grove Co,CUC-CTN-24,cucumbers,14,cases,C5567-28,2026-09-09T07:30:49+00:00
PACK-5568,PO-5568,High Desert Growers,LMN-CTN-40,lemons,30,cases,L5568-90,2026-09-07T13:12:03+00:00
PACK-5569,PO-5569,Red River Produce 6,SPI-BCH-24,spinach,50,cases,S5569-73,2026-09-07T14:48:08+00:00
PACK-5570,PO-5570,Fresh Farms,CAR-BAG-50,carrots,50,cases,C5570-68,2026-09-11T11:46:51+00:00
PACK-5571,PO-5571,GreenLeaf Produce 2,SPI-BCH-24,spinach,60,cases,S5571-36,2026-09-08T07:48:38+00:00
PACK-5572,PO-5572,Coastal Crisp 2,ROM-ICE-24,romaine,30,cases,R5572-52,2026-09-07T08:23:03+00:00
PACK-5572,PO-5572,Coastal Crisp 2,RAD-BCH-24,radish,12,cases,R5572-23,2026-09-07T08:23:03+00:00
PACK-5573,PO-5573,North Fork Cold 2,ONI-SK-50,onions,60,cases,O5573-32,2026-09-08T08:39:10+00:00
PACK-5574,PO-5574,Valley Mist,SPI-BCH-24,spinach,40,cases,S5574-58,2026-09-12T13:31:37+00:00
PACK-5574,PO-5574,Valley Mist,ZUC-CS-20,zucchini,48,cases,Z5574-80,2026-09-12T13:31:37+00:00
PACK-5575,PO-5575,Fresh Farms,AVO-CS-48,avocado,24,cases,A5575-99,2026-09-07T11:09:08+00:00
PACK-5576,PO-5576,Prairie Lot,ROM-ICE-24,romaine,30,cases,R5576-64,2026-09-07T07:37:06+00:00
PACK-5577,PO-5577,Sierra Packing,ROM-ICE-24,romaine,40,cases,R5577-73,2026-09-09T09:50:16+00:00
PACK-5578,PO-5578,Berry Grove Co,ROM-ICE-24,romaine,12,cases,R5578-69,2026-09-11T14:40:39+00:00
PACK-5579,PO-5579,Sunridge Organics 4,AVO-CS-48,avocado,32,cases,A5579-81,2026-09-10T08:08:47+00:00
PACK-5580,PO-5580,High Desert Growers 2,CAB-GRN-20,cabbage,30,cases,C5580-48,2026-09-11T08:56:00+00:00
PACK-5581,PO-5581,Fresh Farms,AVO-CS-48,avocado,12,cases,A5581-32,2026-09-09T09:53:49+00:00
PACK-5582,PO-5582,Harbor Greens 5,CAB-GRN-20,cabbage,20,cases,C5582-71,2026-09-07T14:14:21+00:00
PACK-5583,PO-5583,Blue Mesa Farms 4,ZUC-CS-20,zucchini,12,cases,Z5583-76,2026-09-07T11:03:57+00:00
PACK-5584,PO-5584,CoolChain Farms,BRO-CRN-20,broccoli,40,cases,B5584-55,2026-09-08T13:19:43+00:00
PACK-5584,PO-5584,CoolChain Farms,ROM-ICE-24,romaine,20,cases,R5584-45,2026-09-08T13:19:43+00:00
PACK-5585,PO-5585,Valley Mist 2,AVO-CS-48,avocado,16,cases,A5585-49,2026-09-11T10:01:24+00:00
PACK-5586,PO-5586,Fresh Farms,GBN-CTN-20,green beans,40,cases,G5586-67,2026-09-10T09:49:45+00:00
PACK-5586,PO-5586,Fresh Farms,SQU-YLW-20,squash,30,cases,S5586-37,2026-09-10T09:49:45+00:00
