po_id,supplier,created_at,worker_id,outcome
PO-4419,Fresh Farms,2026-09-12T13:50:00+00:00,W-17,flagged
PO-4421,Berry Grove Co,2026-09-11T17:50:00+00:00,W-18,flagged_heartbeat
PO-4420,GreenLeaf Produce,2026-09-11T15:18:00+00:00,W-17,committed
PO-4418,Fresh Farms,2026-09-10T19:58:00+00:00,W-17,committed
PO-4415,Berry Grove Co,2026-09-10T11:48:00+00:00,W-19,committed
PO-4412,CoolChain Farms,2026-09-09T17:30:00+00:00,W-18,office_flag
PO-4410,GreenLeaf Produce,2026-09-08T09:28:00+00:00,W-17,committed
PO-4408,Fresh Farms,2026-09-08T11:03:00+00:00,W-19,committed
PO-4402,Fresh Farms,2026-09-08T15:53:00+00:00,W-18,flagged_lot
PO-4399,CoolChain Farms,2026-09-05T10:43:00+00:00,W-17,info_temp
PO-4406,Valley Mist,2026-09-12T10:22:00+00:00,W-19,flagged_over
PO-4404,Pacific Pack,2026-09-11T12:05:00+00:00,W-18,quality_damage
PO-4403,Harbor Greens,2026-09-10T08:12:00+00:00,W-17,info_late
PO-4398,Sierra Packing,2026-09-09T13:40:00+00:00,W-19,flagged_item
PO-5001,Red River Produce,2026-09-07T15:10:44+00:00,W-17,pending_match
PO-5002,Sierra Packing,2026-09-07T10:57:42+00:00,W-19,committed
PO-5003,High Desert Growers,2026-09-11T14:36:32+00:00,W-19,committed
PO-5004,High Desert Growers 2,2026-09-08T09:06:53+00:00,W-19,committed
PO-5005,CoolChain Farms,2026-09-10T09:00:17+00:00,W-19,flagged
PO-5006,Pacific Pack,2026-09-07T14:06:26+00:00,W-19,committed
PO-5007,Pacific Pack 3,2026-09-07T10:00:19+00:00,W-18,committed
PO-5008,Fresh Farms,2026-09-08T10:43:31+00:00,W-18,committed
PO-5009,Sierra Packing,2026-09-12T15:22:39+00:00,W-18,pending_clarification
PO-5010,GreenLeaf Produce,2026-09-11T08:33:03+00:00,W-18,committed
PO-5011,GreenLeaf Produce,2026-09-10T14:05:26+00:00,W-17,committed
PO-5012,North Fork Cold 6,2026-09-08T07:35:49+00:00,W-17,committed
PO-5013,Sunridge Organics,2026-09-10T09:02:08+00:00,W-17,committed
PO-5014,Fresh Farms 3,2026-09-07T12:10:47+00:00,W-17,flagged_heartbeat
PO-5015,Pacific Pack,2026-09-10T15:10:24+00:00,W-19,committed
PO-5016,Sierra Packing 2,2026-09-10T09:34:54+00:00,W-17,committed
PO-5017,Fresh Farms,2026-09-09T12:38:23+00:00,W-19,committed
PO-5018,Valley Mist 5,2026-09-09T10:05:40+00:00,W-18,flagged_lot
PO-5019,Fresh Farms 4,2026-09-12T09:18:39+00:00,W-19,committed
PO-5020,Fresh Farms,2026-09-11T14:05:59+00:00,W-18,committed
PO-5021,Berry Grove Co,2026-09-07T14:15:20+00:00,W-17,committed
PO-5022,Fresh Farms,2026-09-10T09:21:35+00:00,W-17,committed
PO-5023,Fresh Farms,2026-09-10T10:49:50+00:00,W-18,flagged
PO-5024,North Fork Cold 7,2026-09-09T09:56:27+00:00,W-19,committed
PO-5025,Berry Grove Co,2026-09-08T08:01:46+00:00,W-17,flagged_over
PO-5026,Berry Grove Co 2,2026-09-10T09:21:46+00:00,W-19,committed
PO-5027,Fresh Farms,2026-09-08T08:31:19+00:00,W-19,committed
PO-5028,Prairie Lot 4,2026-09-11T11:11:06+00:00,W-19,flagged_over
PO-5029,Fresh Farms,2026-09-08T14:21:30+00:00,W-17,committed
PO-5030,Fresh Farms,2026-09-07T11:48:19+00:00,W-17,office_flag
PO-5031,Valley Mist 2,2026-09-12T09:36:36+00:00,W-19,committed
PO-5032,Berry Grove Co,2026-09-07T12:38:05+00:00,W-17,committed
PO-5033,Fresh Farms,2026-09-10T11:00:18+00:00,W-18,committed
PO-5034,Sierra Packing 3,2026-09-10T14:53:16+00:00,W-19,flagged_lot
PO-5035,Coastal Crisp 2,2026-09-09T11:38:14+00:00,W-18,committed
PO-5036,Harbor Greens 5,2026-09-09T14:02:36+00:00,W-18,committed
PO-5037,High Desert Growers,2026-09-07T07:20:56+00:00,W-18,info_temp
PO-5038,Coastal Crisp 6,2026-09-11T11:54:37+00:00,W-19,committed
PO-5039,GreenLeaf Produce,2026-09-09T10:46:58+00:00,W-19,committed
PO-5040,North Fork Cold 2,2026-09-08T09:50:20+00:00,W-17,committed
PO-5041,Blue Mesa Farms,2026-09-12T13:56:48+00:00,W-18,committed
PO-5042,Fresh Farms,2026-09-11T10:56:26+00:00,W-19,committed
PO-5043,Fresh Farms 6,2026-09-07T11:41:08+00:00,W-18,committed
PO-5044,Berry Grove Co,2026-09-09T09:02:45+00:00,W-19,committed
PO-5045,Fresh Farms 3,2026-09-11T11:15:59+00:00,W-19,committed
PO-5046,Pacific Pack,2026-09-08T11:42:09+00:00,W-19,flagged_over
PO-5047,GreenLeaf Produce,2026-09-08T13:43:32+00:00,W-17,committed
PO-5048,CoolChain Farms,2026-09-09T11:07:22+00:00,W-19,flagged
PO-5049,High Desert Growers,2026-09-08T14:18:49+00:00,W-18,committed
PO-5050,Coastal Crisp 2,2026-09-12T13:45:52+00:00,W-17,committed
PO-5051,Sunridge Organics 4,2026-09-08T07:51:55+00:00,W-17,office_flag
PO-5052,Red River Produce 3,2026-09-12T07:38:30+00:00,W-18,flagged
PO-5053,Valley Mist 2,2026-09-11T10:14:20+00:00,W-18,committed
PO-5054,North Fork Cold 7,2026-09-10T14:51:18+00:00,W-19,committed
PO-5055,GreenLeaf Produce,2026-09-07T13:47:03+00:00,W-18,committed
PO-5056,Berry Grove Co,2026-09-10T08:32:10+00:00,W-19,committed
PO-5057,Sunridge Organics,2026-09-12T08:13:14+00:00,W-18,committed
PO-5058,Coastal Crisp,2026-09-10T08:20:04+00:00,W-18,committed
PO-5059,Berry Grove Co,2026-09-08T14:12:19+00:00,W-18,committed
PO-5060,GreenLeaf Produce,2026-09-08T09:31:44+00:00,W-19,committed
PO-5061,Coastal Crisp 5,2026-09-10T14:06:57+00:00,W-17,committed
PO-5062,Coastal Crisp 3,2026-09-08T13:26:46+00:00,W-19,committed
PO-5063,Valley Mist,2026-09-11T07:17:37+00:00,W-17,info_late
PO-5064,Valley Mist 4,2026-09-09T14:47:17+00:00,W-18,committed
PO-5065,Fresh Farms,2026-09-11T10:59:04+00:00,W-17,flagged_heartbeat
PO-5066,Blue Mesa Farms,2026-09-11T07:07:16+00:00,W-18,committed
PO-5067,Fresh Farms,2026-09-08T12:26:23+00:00,W-17,flagged_heartbeat
PO-5068,CoolChain Farms 4,2026-09-08T07:32:40+00:00,W-19,committed
PO-5069,Fresh Farms,2026-09-12T09:35:31+00:00,W-17,committed
PO-5070,High Desert Growers 6,2026-09-10T13:20:44+00:00,W-18,committed
PO-5071,Pacific Pack,2026-09-07T11:10:39+00:00,W-18,committed
PO-5072,Coastal Crisp 5,2026-09-12T10:08:34+00:00,W-19,committed
PO-5073,Fresh Farms,2026-09-12T14:01:29+00:00,W-17,committed
PO-5074,Sierra Packing 3,2026-09-11T09:04:08+00:00,W-17,committed
PO-5075,GreenLeaf Produce 2,2026-09-11T13:43:57+00:00,W-18,committed
PO-5076,Sunridge Organics 2,2026-09-08T08:29:07+00:00,W-17,pending_match
PO-5077,Valley Mist 3,2026-09-10T11:29:07+00:00,W-18,flagged
PO-5078,Berry Grove Co 3,2026-09-08T12:14:02+00:00,W-19,info_late
PO-5079,High Desert Growers,2026-09-12T14:13:25+00:00,W-17,committed
PO-5080,Fresh Farms,2026-09-08T08:15:04+00:00,W-19,committed
PO-5081,Coastal Crisp,2026-09-12T11:31:18+00:00,W-19,committed
PO-5082,Fresh Farms 3,2026-09-10T13:33:35+00:00,W-17,flagged_item
PO-5083,CoolChain Farms,2026-09-08T13:13:06+00:00,W-18,flagged_over
PO-5084,Fresh Farms,2026-09-07T14:05:05+00:00,W-17,flagged_lot
PO-5085,Harbor Greens,2026-09-09T12:00:35+00:00,W-19,committed
PO-5086,Fresh Farms,2026-09-07T11:19:13+00:00,W-18,committed
PO-5087,Berry Grove Co,2026-09-07T09:22:36+00:00,W-18,flagged_lot
PO-5088,Valley Mist 4,2026-09-07T14:55:42+00:00,W-18,committed
PO-5089,Fresh Farms,2026-09-09T10:25:04+00:00,W-19,info_temp
PO-5090,Berry Grove Co,2026-09-08T10:52:21+00:00,W-18,committed
PO-5091,Fresh Farms,2026-09-07T13:26:39+00:00,W-17,committed
PO-5092,Pacific Pack 3,2026-09-09T09:19:13+00:00,W-17,committed
PO-5093,Pacific Pack,2026-09-10T07:23:14+00:00,W-19,flagged
PO-5094,Pacific Pack,2026-09-10T08:29:08+00:00,W-19,committed
PO-5095,Coastal Crisp,2026-09-08T13:19:02+00:00,W-18,committed
PO-5096,GreenLeaf Produce,2026-09-08T12:27:26+00:00,W-18,committed
PO-5097,Berry Grove Co 2,2026-09-11T09:04:27+00:00,W-19,committed
PO-5098,Red River Produce,2026-09-09T07:58:33+00:00,W-18,committed
PO-5099,Berry Grove Co,2026-09-07T09:11:12+00:00,W-17,committed
PO-5100,High Desert Growers 3,2026-09-09T13:26:36+00:00,W-18,committed
PO-5101,Sunridge Organics,2026-09-08T10:45:04+00:00,W-19,committed
PO-5102,Coastal Crisp,2026-09-09T09:38:29+00:00,W-17,committed
PO-5103,Berry Grove Co 2,2026-09-09T10:16:29+00:00,W-19,committed
PO-5104,Red River Produce 6,2026-09-09T11:16:09+00:00,W-18,committed
PO-5105,Sierra Packing,2026-09-08T10:44:28+00:00,W-19,committed
PO-5106,GreenLeaf Produce 2,2026-09-08T09:53:43+00:00,W-19,committed
PO-5107,Berry Grove Co 3,2026-09-10T09:25:16+00:00,W-19,committed
PO-5108,Sierra Packing 5,2026-09-07T12:39:09+00:00,W-18,committed
PO-5109,CoolChain Farms,2026-09-09T15:00:05+00:00,W-18,committed
PO-5110,North Fork Cold 7,2026-09-10T15:04:47+00:00,W-19,flagged
PO-5111,Berry Grove Co,2026-09-12T11:08:12+00:00,W-17,committed
PO-5112,GreenLeaf Produce 5,2026-09-11T14:07:47+00:00,W-17,pending_clarification
PO-5113,Sunridge Organics 3,2026-09-07T14:05:44+00:00,W-17,committed
PO-5114,CoolChain Farms 2,2026-09-10T15:16:28+00:00,W-19,flagged_item
PO-5115,Red River Produce 2,2026-09-11T08:39:23+00:00,W-19,committed
PO-5116,Berry Grove Co 4,2026-09-09T10:34:10+00:00,W-19,flagged_lot
PO-5117,Red River Produce,2026-09-12T13:04:54+00:00,W-17,committed
PO-5118,Coastal Crisp,2026-09-11T08:15:53+00:00,W-17,committed
PO-5119,Berry Grove Co,2026-09-07T11:17:23+00:00,W-17,committed
PO-5120,Fresh Farms,2026-09-08T08:14:08+00:00,W-18,office_flag
PO-5121,GreenLeaf Produce,2026-09-07T07:40:01+00:00,W-17,committed
PO-5122,CoolChain Farms,2026-09-07T09:27:15+00:00,W-17,committed
PO-5123,GreenLeaf Produce 2,2026-09-07T14:43:31+00:00,W-17,committed
PO-5124,GreenLeaf Produce,2026-09-09T12:14:22+00:00,W-18,committed
PO-5125,Red River Produce,2026-09-07T11:29:34+00:00,W-19,committed
PO-5126,GreenLeaf Produce,2026-09-10T15:22:23+00:00,W-17,office_flag
PO-5127,GreenLeaf Produce 3,2026-09-10T13:35:37+00:00,W-18,info_late
PO-5128,Fresh Farms,2026-09-09T08:33:51+00:00,W-19,committed
PO-5129,Fresh Farms,2026-09-07T08:42:56+00:00,W-18,committed
PO-5130,Berry Grove Co,2026-09-08T13:25:41+00:00,W-18,committed
PO-5131,Valley Mist 5,2026-09-07T10:08:27+00:00,W-19,committed
PO-5132,Prairie Lot 5,2026-09-09T11:14:23+00:00,W-19,office_flag
PO-5133,Blue Mesa Farms,2026-09-09T14:01:11+00:00,W-18,committed
PO-5134,Fresh Farms,2026-09-10T09:59:28+00:00,W-18,committed
PO-5135,Red River Produce,2026-09-10T10:27:23+00:00,W-19,flagged_heartbeat
PO-5136,High Desert Growers 2,2026-09-07T09:00:49+00:00,W-18,pending_clarification
PO-5137,Prairie Lot,2026-09-08T13:30:04+00:00,W-19,pending_clarification
PO-5138,Red River Produce,2026-09-07T08:35:31+00:00,W-19,committed
PO-5139,Fresh Farms,2026-09-12T11:11:12+00:00,W-17,flagged
PO-5140,North Fork Cold 2,2026-09-12T15:25:20+00:00,W-19,committed
PO-5141,Blue Mesa Farms 3,2026-09-09T08:02:12+00:00,W-17,committed
PO-5142,Fresh Farms,2026-09-08T13:51:35+00:00,W-17,info_temp
PO-5143,Red River Produce 2,2026-09-10T10:50:29+00:00,W-18,pending_clarification
PO-5144,CoolChain Farms,2026-09-07T08:24:10+00:00,W-19,committed
PO-5145,Pacific Pack 2,2026-09-11T09:08:12+00:00,W-19,committed
PO-5146,Valley Mist 6,2026-09-09T08:26:37+00:00,W-17,flagged_heartbeat
PO-5147,Sunridge Organics 3,2026-09-07T15:05:41+00:00,W-18,committed
PO-5148,Pacific Pack 2,2026-09-10T11:14:56+00:00,W-18,committed
PO-5149,Sierra Packing 2,2026-09-08T10:52:04+00:00,W-17,pending_clarification
PO-5150,CoolChain Farms,2026-09-07T14:21:45+00:00,W-18,committed
PO-5151,Sunridge Organics,2026-09-09T09:43:15+00:00,W-18,committed
PO-5152,High Desert Growers,2026-09-12T14:22:39+00:00,W-17,committed
PO-5153,Sunridge Organics,2026-09-10T11:15:32+00:00,W-18,committed
PO-5154,Berry Grove Co 2,2026-09-09T09:03:13+00:00,W-17,info_temp
PO-5155,Valley Mist,2026-09-07T09:15:46+00:00,W-18,flagged
PO-5156,Red River Produce,2026-09-09T07:37:24+00:00,W-19,committed
PO-5157,Blue Mesa Farms 3,2026-09-12T10:21:23+00:00,W-18,committed
PO-5158,Fresh Farms,2026-09-09T10:25:32+00:00,W-17,committed
PO-5159,Berry Grove Co,2026-09-08T12:13:20+00:00,W-19,info_late
PO-5160,Prairie Lot 2,2026-09-11T11:32:31+00:00,W-18,flagged_item
PO-5161,Harbor Greens 3,2026-09-12T11:58:19+00:00,W-19,committed
PO-5162,Prairie Lot,2026-09-12T13:40:49+00:00,W-17,committed
PO-5163,Coastal Crisp 4,2026-09-10T12:17:49+00:00,W-17,committed
PO-5164,Fresh Farms,2026-09-07T09:40:26+00:00,W-19,committed
PO-5165,Harbor Greens,2026-09-10T11:25:13+00:00,W-19,committed
PO-5166,Valley Mist,2026-09-12T09:55:34+00:00,W-19,committed
PO-5167,GreenLeaf Produce,2026-09-09T15:10:15+00:00,W-18,committed
PO-5168,North Fork Cold,2026-09-10T12:53:45+00:00,W-18,committed
PO-5169,Pacific Pack,2026-09-07T12:46:34+00:00,W-18,committed
PO-5170,Fresh Farms,2026-09-07T15:09:45+00:00,W-18,committed
PO-5171,Harbor Greens,2026-09-11T09:18:59+00:00,W-18,committed
PO-5172,High Desert Growers,2026-09-10T07:26:06+00:00,W-19,committed
PO-5173,Berry Grove Co,2026-09-12T15:20:59+00:00,W-19,flagged_heartbeat
PO-5174,North Fork Cold 5,2026-09-08T12:30:03+00:00,W-17,committed
PO-5175,GreenLeaf Produce 6,2026-09-08T14:08:11+00:00,W-17,committed
PO-5176,Prairie Lot 5,2026-09-12T15:12:55+00:00,W-17,info_temp
PO-5177,North Fork Cold 4,2026-09-09T15:00:08+00:00,W-18,flagged_lot
PO-5178,GreenLeaf Produce,2026-09-07T10:54:41+00:00,W-17,pending_clarification
PO-5179,Fresh Farms,2026-09-08T10:25:42+00:00,W-17,committed
PO-5180,GreenLeaf Produce,2026-09-08T10:48:48+00:00,W-18,committed
PO-5181,Fresh Farms,2026-09-10T12:54:15+00:00,W-17,committed
PO-5182,Valley Mist 6,2026-09-10T12:27:58+00:00,W-18,committed
PO-5183,Valley Mist,2026-09-07T13:22:38+00:00,W-19,office_flag
PO-5184,GreenLeaf Produce 2,2026-09-10T12:48:48+00:00,W-17,flagged
PO-5185,Coastal Crisp 5,2026-09-07T14:04:35+00:00,W-17,committed
PO-5186,Fresh Farms 3,2026-09-09T12:48:13+00:00,W-18,committed
PO-5187,North Fork Cold 2,2026-09-09T11:46:29+00:00,W-18,committed
PO-5188,Valley Mist,2026-09-09T07:23:27+00:00,W-17,committed
PO-5189,Sunridge Organics 3,2026-09-07T10:29:11+00:00,W-19,committed
PO-5190,Harbor Greens 4,2026-09-12T10:15:28+00:00,W-18,info_temp
PO-5191,Berry Grove Co,2026-09-10T09:58:07+00:00,W-19,committed
PO-5192,Sunridge Organics,2026-09-10T15:20:19+00:00,W-19,committed
PO-5193,Berry Grove Co,2026-09-09T08:19:17+00:00,W-19,info_late
PO-5194,Fresh Farms,2026-09-11T14:32:56+00:00,W-17,committed
PO-5195,Berry Grove Co,2026-09-10T10:25:28+00:00,W-17,committed
PO-5196,Sierra Packing 5,2026-09-12T08:59:52+00:00,W-19,committed
PO-5197,Sierra Packing,2026-09-08T08:13:42+00:00,W-18,committed
PO-5198,Fresh Farms,2026-09-10T11:44:31+00:00,W-18,committed
PO-5199,CoolChain Farms,2026-09-10T10:29:09+00:00,W-17,flagged_heartbeat
PO-5200,Harbor Greens,2026-09-11T14:48:03+00:00,W-18,committed
PO-5201,Harbor Greens 5,2026-09-07T12:31:05+00:00,W-18,committed
PO-5202,Berry Grove Co 3,2026-09-07T13:29:37+00:00,W-19,committed
PO-5203,CoolChain Farms 6,2026-09-12T07:07:13+00:00,W-19,committed
PO-5204,North Fork Cold 3,2026-09-12T11:42:20+00:00,W-18,flagged
PO-5205,Fresh Farms,2026-09-09T11:14:29+00:00,W-19,info_late
PO-5206,Blue Mesa Farms 4,2026-09-08T07:23:36+00:00,W-19,committed
PO-5207,North Fork Cold,2026-09-08T14:06:15+00:00,W-19,committed
PO-5208,GreenLeaf Produce 3,2026-09-10T10:55:10+00:00,W-18,committed
PO-5209,North Fork Cold 6,2026-09-12T11:37:41+00:00,W-19,pending_clarification
PO-5210,Valley Mist,2026-09-07T11:18:29+00:00,W-19,info_temp
PO-5211,Harbor Greens,2026-09-09T07:03:34+00:00,W-17,committed
PO-5212,Fresh Farms,2026-09-07T07:49:33+00:00,W-17,committed
PO-5213,Red River Produce 6,2026-09-11T07:40:23+00:00,W-18,committed
PO-5214,Coastal Crisp 2,2026-09-10T14:14:05+00:00,W-19,committed
PO-5215,Fresh Farms,2026-09-09T07:28:40+00:00,W-17,committed
PO-5216,Coastal Crisp 5,2026-09-12T08:57:13+00:00,W-19,info_late
PO-5217,Blue Mesa Farms,2026-09-10T09:23:57+00:00,W-19,committed
PO-5218,Harbor Greens,2026-09-12T09:33:10+00:00,W-19,committed
PO-5219,Sierra Packing 3,2026-09-08T13:18:08+00:00,W-19,committed
PO-5220,Fresh Farms,2026-09-07T08:58:53+00:00,W-19,committed
PO-5221,Sunridge Organics 7,2026-09-07T09:19:50+00:00,W-18,committed
PO-5222,Pacific Pack,2026-09-07T11:59:42+00:00,W-19,committed
PO-5223,Red River Produce 3,2026-09-08T10:14:45+00:00,W-17,committed
PO-5224,Valley Mist,2026-09-07T09:37:28+00:00,W-18,committed
PO-5225,Harbor Greens,2026-09-07T07:45:22+00:00,W-19,committed
PO-5226,Fresh Farms,2026-09-08T10:18:49+00:00,W-19,pending_clarification
PO-5227,CoolChain Farms,2026-09-08T08:11:17+00:00,W-18,committed
PO-5228,Valley Mist 2,2026-09-08T09:06:46+00:00,W-19,committed
PO-5229,Coastal Crisp 4,2026-09-07T10:22:21+00:00,W-18,committed
PO-5230,Fresh Farms 7,2026-09-11T14:20:41+00:00,W-17,pending_clarification
PO-5231,GreenLeaf Produce,2026-09-07T10:23:20+00:00,W-19,pending_match
PO-5232,Pacific Pack,2026-09-08T13:58:50+00:00,W-17,committed
PO-5233,Sunridge Organics 6,2026-09-10T11:41:01+00:00,W-18,committed
PO-5234,Blue Mesa Farms 3,2026-09-07T14:14:50+00:00,W-19,committed
PO-5235,Sierra Packing 3,2026-09-10T13:06:27+00:00,W-17,flagged
PO-5236,Harbor Greens 2,2026-09-07T15:15:23+00:00,W-19,quality_damage
PO-5237,High Desert Growers 2,2026-09-10T10:01:10+00:00,W-17,committed
PO-5238,Fresh Farms,2026-09-12T10:40:06+00:00,W-18,committed
PO-5239,Valley Mist,2026-09-10T08:53:28+00:00,W-18,committed
PO-5240,Fresh Farms,2026-09-08T07:12:30+00:00,W-18,committed
PO-5241,Berry Grove Co,2026-09-08T10:53:50+00:00,W-18,committed
PO-5242,Prairie Lot 2,2026-09-07T07:22:51+00:00,W-17,committed
PO-5243,CoolChain Farms,2026-09-09T11:42:10+00:00,W-18,committed
PO-5244,High Desert Growers,2026-09-07T12:27:42+00:00,W-17,flagged_lot
PO-5245,Harbor Greens 2,2026-09-09T10:19:00+00:00,W-17,committed
PO-5246,Berry Grove Co,2026-09-07T14:26:34+00:00,W-18,committed
PO-5247,Pacific Pack,2026-09-12T09:40:38+00:00,W-18,committed
PO-5248,Harbor Greens 3,2026-09-07T12:44:45+00:00,W-19,committed
PO-5249,Valley Mist,2026-09-08T07:59:11+00:00,W-17,committed
PO-5250,Pacific Pack 2,2026-09-08T08:35:31+00:00,W-19,committed
PO-5251,Berry Grove Co,2026-09-07T09:27:08+00:00,W-18,committed
PO-5252,Blue Mesa Farms 6,2026-09-07T13:57:24+00:00,W-19,flagged_item
PO-5253,Fresh Farms,2026-09-09T07:42:36+00:00,W-17,committed
PO-5254,CoolChain Farms 3,2026-09-07T10:54:36+00:00,W-18,committed
PO-5255,Blue Mesa Farms,2026-09-11T14:01:23+00:00,W-17,committed
PO-5256,Pacific Pack 3,2026-09-07T14:04:41+00:00,W-18,committed
PO-5257,Blue Mesa Farms 4,2026-09-11T07:44:28+00:00,W-17,pending_clarification
PO-5258,Berry Grove Co 4,2026-09-10T13:41:13+00:00,W-17,committed
PO-5259,GreenLeaf Produce,2026-09-08T13:00:18+00:00,W-18,flagged_item
PO-5260,Harbor Greens 4,2026-09-12T15:28:17+00:00,W-17,info_late
PO-5261,Red River Produce 2,2026-09-11T13:29:53+00:00,W-18,committed
PO-5262,GreenLeaf Produce 6,2026-09-09T09:22:44+00:00,W-18,committed
PO-5263,Sunridge Organics 2,2026-09-10T10:54:40+00:00,W-18,flagged
PO-5264,CoolChain Farms,2026-09-11T11:13:17+00:00,W-18,info_temp
PO-5265,Fresh Farms,2026-09-11T13:30:03+00:00,W-19,committed
PO-5266,Berry Grove Co,2026-09-09T07:00:27+00:00,W-19,committed
PO-5267,Fresh Farms,2026-09-11T14:28:17+00:00,W-18,committed
PO-5268,Blue Mesa Farms 2,2026-09-08T09:36:46+00:00,W-17,committed
PO-5269,GreenLeaf Produce 2,2026-09-07T07:39:08+00:00,W-19,pending_clarification
PO-5270,Berry Grove Co,2026-09-10T11:04:04+00:00,W-17,committed
PO-5271,Sunridge Organics 3,2026-09-11T08:10:24+00:00,W-17,office_flag
PO-5272,Coastal Crisp,2026-09-07T12:32:10+00:00,W-19,committed
PO-5273,Fresh Farms,2026-09-10T14:20:13+00:00,W-17,flagged
PO-5274,GreenLeaf Produce 2,2026-09-10T09:07:35+00:00,W-19,committed
PO-5275,CoolChain Farms 2,2026-09-11T08:45:33+00:00,W-17,committed
PO-5276,North Fork Cold,2026-09-09T07:57:15+00:00,W-19,committed
PO-5277,Valley Mist,2026-09-11T11:51:26+00:00,W-19,committed
PO-5278,Berry Grove Co,2026-09-09T07:07:16+00:00,W-17,committed
PO-5279,High Desert Growers,2026-09-10T13:32:26+00:00,W-18,committed
PO-5280,Fresh Farms,2026-09-12T15:18:51+00:00,W-18,committed
PO-5281,Berry Grove Co,2026-09-10T13:13:54+00:00,W-17,committed
PO-5282,Fresh Farms,2026-09-10T13:19:11+00:00,W-19,office_flag
PO-5283,GreenLeaf Produce,2026-09-07T13:39:55+00:00,W-17,committed
PO-5284,Berry Grove Co 7,2026-09-09T09:14:45+00:00,W-19,committed
PO-5285,Pacific Pack 5,2026-09-07T13:35:06+00:00,W-19,flagged
PO-5286,Fresh Farms,2026-09-11T07:06:15+00:00,W-18,committed
PO-5287,Coastal Crisp 2,2026-09-11T13:05:47+00:00,W-17,committed
PO-5288,Fresh Farms,2026-09-11T11:52:23+00:00,W-19,info_late
PO-5289,Sunridge Organics,2026-09-12T07:35:56+00:00,W-18,committed
PO-5290,GreenLeaf Produce,2026-09-09T10:08:12+00:00,W-18,committed
PO-5291,North Fork Cold 3,2026-09-12T15:30:49+00:00,W-19,flagged
PO-5292,Blue Mesa Farms,2026-09-12T07:12:14+00:00,W-19,info_late
PO-5293,CoolChain Farms 3,2026-09-10T10:12:54+00:00,W-18,committed
PO-5294,Harbor Greens 5,2026-09-10T07:47:02+00:00,W-19,flagged
PO-5295,GreenLeaf Produce 4,2026-09-07T08:08:40+00:00,W-17,committed
PO-5296,Prairie Lot 5,2026-09-08T14:15:20+00:00,W-18,committed
PO-5297,Fresh Farms,2026-09-08T07:38:12+00:00,W-19,committed
PO-5298,Coastal Crisp,2026-09-08T13:34:13+00:00,W-18,quality_damage
PO-5299,GreenLeaf Produce 2,2026-09-08T13:00:44+00:00,W-17,committed
PO-5300,Fresh Farms,2026-09-12T10:22:32+00:00,W-18,committed
PO-5301,Blue Mesa Farms,2026-09-11T11:44:47+00:00,W-17,committed
PO-5302,Valley Mist 7,2026-09-07T14:05:49+00:00,W-17,committed
PO-5303,Fresh Farms,2026-09-09T14:49:52+00:00,W-17,committed
PO-5304,CoolChain Farms,2026-09-11T14:04:51+00:00,W-17,flagged_item
PO-5305,High Desert Growers,2026-09-09T10:15:43+00:00,W-18,committed
PO-5306,Valley Mist 2,2026-09-11T07:17:39+00:00,W-17,committed
PO-5307,Fresh Farms,2026-09-07T09:23:24+00:00,W-17,pending_clarification
PO-5308,Blue Mesa Farms,2026-09-11T10:03:30+00:00,W-18,pending_match
PO-5309,GreenLeaf Produce 2,2026-09-08T07:13:20+00:00,W-17,committed
PO-5310,Red River Produce 7,2026-09-09T13:32:37+00:00,W-17,committed
PO-5311,Pacific Pack,2026-09-09T15:23:51+00:00,W-17,committed
PO-5312,High Desert Growers 6,2026-09-07T12:58:22+00:00,W-19,committed
PO-5313,Berry Grove Co,2026-09-07T08:59:38+00:00,W-19,committed
PO-5314,Prairie Lot 3,2026-09-08T08:30:58+00:00,W-18,committed
PO-5315,Pacific Pack,2026-09-08T15:02:42+00:00,W-17,flagged
PO-5316,Berry Grove Co,2026-09-12T12:32:20+00:00,W-19,committed
PO-5317,Pacific Pack,2026-09-10T13:57:11+00:00,W-19,committed
PO-5318,Sunridge Organics 7,2026-09-12T10:20:54+00:00,W-19,flagged_heartbeat
PO-5319,GreenLeaf Produce 5,2026-09-12T08:25:40+00:00,W-17,committed
PO-5320,Blue Mesa Farms 2,2026-09-07T08:47:15+00:00,W-18,flagged
PO-5321,GreenLeaf Produce 5,2026-09-09T10:34:10+00:00,W-18,committed
PO-5322,Prairie Lot,2026-09-11T13:43:55+00:00,W-19,committed
PO-5323,Fresh Farms,2026-09-07T09:13:06+00:00,W-17,pending_clarification
PO-5324,North Fork Cold,2026-09-09T12:14:57+00:00,W-17,committed
PO-5325,Berry Grove Co 7,2026-09-07T09:49:13+00:00,W-18,committed
PO-5326,Fresh Farms,2026-09-10T09:32:15+00:00,W-18,committed
PO-5327,GreenLeaf Produce,2026-09-08T10:38:05+00:00,W-19,committed
PO-5328,GreenLeaf Produce 7,2026-09-07T12:26:18+00:00,W-18,committed
PO-5329,Fresh Farms,2026-09-09T12:38:16+00:00,W-19,pending_clarification
PO-5330,Sunridge Organics,2026-09-09T09:14:28+00:00,W-17,flagged_over
PO-5331,Fresh Farms 4,2026-09-07T12:42:22+00:00,W-18,committed
PO-5332,High Desert Growers,2026-09-11T13:59:33+00:00,W-19,committed
PO-5333,Red River Produce 4,2026-09-08T10:22:57+00:00,W-17,committed
PO-5334,Coastal Crisp 6,2026-09-12T10:49:11+00:00,W-17,pending_clarification
PO-5335,Berry Grove Co,2026-09-07T12:49:27+00:00,W-19,committed
PO-5336,Sierra Packing,2026-09-09T14:18:17+00:00,W-17,committed
PO-5337,Prairie Lot,2026-09-07T08:16:09+00:00,W-19,committed
PO-5338,Harbor Greens 4,2026-09-11T13:42:18+00:00,W-18,committed
PO-5339,GreenLeaf Produce,2026-09-09T07:19:11+00:00,W-17,committed
PO-5340,Sierra Packing 2,2026-09-08T14:30:21+00:00,W-17,committed
PO-5341,CoolChain Farms,2026-09-08T13:46:19+00:00,W-18,committed
PO-5342,Sunridge Organics 3,2026-09-08T13:20:28+00:00,W-18,committed
PO-5343,Pacific Pack,2026-09-09T14:47:52+00:00,W-18,committed
PO-5344,Prairie Lot 2,2026-09-11T07:33:19+00:00,W-18,committed
PO-5345,Blue Mesa Farms 5,2026-09-08T10:53:03+00:00,W-19,committed
PO-5346,Red River Produce 2,2026-09-08T14:52:07+00:00,W-17,committed
PO-5347,Berry Grove Co,2026-09-09T09:59:22+00:00,W-18,committed
PO-5348,Prairie Lot,2026-09-08T08:23:54+00:00,W-17,committed
PO-5349,Blue Mesa Farms 4,2026-09-10T11:22:01+00:00,W-19,pending_match
PO-5350,Prairie Lot 2,2026-09-09T15:02:19+00:00,W-19,committed
PO-5351,CoolChain Farms,2026-09-09T08:51:29+00:00,W-19,committed
PO-5352,High Desert Growers 4,2026-09-09T12:39:53+00:00,W-19,committed
PO-5353,High Desert Growers 7,2026-09-07T07:32:21+00:00,W-19,committed
PO-5354,High Desert Growers 5,2026-09-07T13:31:15+00:00,W-19,committed
PO-5355,GreenLeaf Produce,2026-09-10T15:30:18+00:00,W-18,committed
PO-5356,Sierra Packing,2026-09-10T08:53:43+00:00,W-18,committed
PO-5357,Fresh Farms 5,2026-09-11T14:10:42+00:00,W-17,pending_match
PO-5358,High Desert Growers 5,2026-09-10T08:33:43+00:00,W-19,quality_damage
PO-5359,North Fork Cold 4,2026-09-08T09:30:29+00:00,W-18,committed
PO-5360,CoolChain Farms,2026-09-11T10:15:33+00:00,W-17,committed
PO-5361,Sunridge Organics 5,2026-09-08T11:51:57+00:00,W-18,office_flag
PO-5362,Berry Grove Co,2026-09-07T10:51:17+00:00,W-17,committed
PO-5363,Pacific Pack,2026-09-10T12:24:27+00:00,W-18,committed
PO-5364,High Desert Growers 3,2026-09-12T14:36:20+00:00,W-19,flagged_over
PO-5365,Fresh Farms,2026-09-11T09:39:08+00:00,W-19,committed
PO-5366,Sierra Packing,2026-09-12T10:53:46+00:00,W-19,committed
PO-5367,Pacific Pack 3,2026-09-12T11:10:22+00:00,W-17,committed
PO-5368,Berry Grove Co,2026-09-08T13:12:08+00:00,W-17,flagged_over
PO-5369,High Desert Growers 2,2026-09-11T10:12:56+00:00,W-19,committed
PO-5370,Fresh Farms,2026-09-07T14:08:01+00:00,W-17,flagged_heartbeat
PO-5371,Sierra Packing 2,2026-09-10T08:45:44+00:00,W-17,committed
PO-5372,High Desert Growers,2026-09-10T12:58:08+00:00,W-17,committed
PO-5373,CoolChain Farms 2,2026-09-11T11:14:12+00:00,W-18,committed
PO-5374,North Fork Cold,2026-09-08T07:20:35+00:00,W-17,quality_damage
PO-5375,Fresh Farms,2026-09-07T07:45:58+00:00,W-19,committed
PO-5376,Sunridge Organics 5,2026-09-07T13:10:06+00:00,W-19,quality_damage
PO-5377,Berry Grove Co,2026-09-09T07:51:52+00:00,W-17,committed
PO-5378,High Desert Growers 3,2026-09-10T07:48:54+00:00,W-17,flagged_heartbeat
PO-5379,Pacific Pack,2026-09-11T08:33:07+00:00,W-18,pending_clarification
PO-5380,Fresh Farms,2026-09-11T08:25:07+00:00,W-19,committed
PO-5381,Pacific Pack,2026-09-10T08:32:39+00:00,W-18,committed
PO-5382,High Desert Growers,2026-09-12T07:57:56+00:00,W-17,committed
PO-5383,Sierra Packing 2,2026-09-11T11:25:33+00:00,W-19,info_late
PO-5384,High Desert Growers 7,2026-09-11T11:45:57+00:00,W-17,committed
PO-5385,CoolChain Farms,2026-09-10T09:44:15+00:00,W-18,flagged_item
PO-5386,Coastal Crisp,2026-09-09T14:18:31+00:00,W-17,flagged_over
PO-5387,Fresh Farms,2026-09-08T11:45:35+00:00,W-17,committed
PO-5388,Coastal Crisp,2026-09-09T12:35:42+00:00,W-18,flagged_over
PO-5389,Sunridge Organics,2026-09-09T12:17:38+00:00,W-19,flagged_lot
PO-5390,CoolChain Farms,2026-09-10T08:53:00+00:00,W-19,committed
PO-5391,Berry Grove Co,2026-09-10T07:23:57+00:00,W-17,pending_match
PO-5392,Fresh Farms,2026-09-08T08:40:12+00:00,W-18,committed
PO-5393,Prairie Lot 5,2026-09-07T10:32:02+00:00,W-19,committed
PO-5394,Fresh Farms,2026-09-10T15:09:32+00:00,W-18,committed
PO-5395,Sierra Packing 2,2026-09-11T14:46:11+00:00,W-17,committed
PO-5396,Red River Produce,2026-09-09T14:31:20+00:00,W-18,committed
PO-5397,Coastal Crisp,2026-09-08T09:55:18+00:00,W-17,committed
PO-5398,Pacific Pack 2,2026-09-10T14:58:35+00:00,W-17,info_late
PO-5399,Berry Grove Co 7,2026-09-07T13:03:41+00:00,W-17,committed
PO-5400,Berry Grove Co 2,2026-09-10T11:47:30+00:00,W-19,committed
PO-5401,Fresh Farms,2026-09-11T10:36:51+00:00,W-17,committed
PO-5402,Fresh Farms,2026-09-10T08:14:53+00:00,W-18,committed
PO-5403,CoolChain Farms 3,2026-09-07T14:24:43+00:00,W-17,committed
PO-5404,GreenLeaf Produce,2026-09-11T13:48:44+00:00,W-19,flagged_item
PO-5405,Harbor Greens 4,2026-09-10T08:43:39+00:00,W-18,committed
PO-5406,North Fork Cold 3,2026-09-09T12:08:12+00:00,W-17,committed
PO-5407,Fresh Farms,2026-09-12T13:16:32+00:00,W-17,committed
PO-5408,CoolChain Farms,2026-09-09T09:10:00+00:00,W-19,committed
PO-5409,CoolChain Farms 2,2026-09-07T14:57:40+00:00,W-19,office_flag
PO-5410,Berry Grove Co,2026-09-11T09:42:33+00:00,W-17,flagged
PO-5411,Berry Grove Co,2026-09-09T07:47:22+00:00,W-17,committed
PO-5412,Sunridge Organics,2026-09-12T12:16:33+00:00,W-19,info_late
PO-5413,Sunridge Organics 5,2026-09-10T10:48:15+00:00,W-19,committed
PO-5414,Blue Mesa Farms 3,2026-09-11T10:15:58+00:00,W-17,committed
PO-5415,Valley Mist,2026-09-12T14:00:49+00:00,W-19,committed
PO-5416,Berry Grove Co,2026-09-09T15:05:06+00:00,W-19,committed
PO-5417,Sierra Packing 2,2026-09-10T08:49:55+00:00,W-17,committed
PO-5418,Sierra Packing 2,2026-09-11T07:36:47+00:00,W-17,pending_clarification
PO-5419,Fresh Farms,2026-09-07T09:08:35+00:00,W-17,committed
PO-5420,Pacific Pack,2026-09-08T09:41:01+00:00,W-17,flagged
PO-5421,Red River Produce,2026-09-11T10:03:59+00:00,W-18,committed
PO-5422,Pacific Pack,2026-09-10T10:44:24+00:00,W-19,flagged_lot
PO-5423,GreenLeaf Produce,2026-09-11T14:14:34+00:00,W-19,committed
PO-5424,GreenLeaf Produce 2,2026-09-07T07:02:36+00:00,W-19,committed
PO-5425,North Fork Cold 4,2026-09-07T14:43:41+00:00,W-17,pending_clarification
PO-5426,North Fork Cold 4,2026-09-07T13:49:36+00:00,W-19,committed
PO-5427,Berry Grove Co 3,2026-09-07T07:50:12+00:00,W-18,committed
PO-5428,Berry Grove Co,2026-09-08T07:35:57+00:00,W-18,committed
PO-5429,Valley Mist,2026-09-09T11:49:36+00:00,W-18,committed
PO-5430,High Desert Growers 2,2026-09-11T13:04:47+00:00,W-18,committed
PO-5431,CoolChain Farms,2026-09-09T10:03:49+00:00,W-19,committed
PO-5432,Valley Mist 2,2026-09-07T13:15:56+00:00,W-19,committed
PO-5433,GreenLeaf Produce,2026-09-07T07:18:35+00:00,W-19,committed
PO-5434,GreenLeaf Produce 3,2026-09-08T13:35:37+00:00,W-18,flagged_heartbeat
PO-5435,Sunridge Organics 2,2026-09-07T11:49:36+00:00,W-17,committed
PO-5436,Fresh Farms,2026-09-08T11:09:14+00:00,W-18,flagged
PO-5437,Fresh Farms,2026-09-09T10:52:56+00:00,W-19,committed
PO-5438,GreenLeaf Produce,2026-09-11T14:07:47+00:00,W-19,committed
PO-5439,Fresh Farms,2026-09-09T14:39:53+00:00,W-18,info_temp
PO-5440,North Fork Cold,2026-09-08T14:24:22+00:00,W-18,committed
PO-5441,High Desert Growers 2,2026-09-07T07:39:32+00:00,W-17,committed
PO-5442,Fresh Farms 3,2026-09-08T13:55:21+00:00,W-18,quality_damage
PO-5443,Fresh Farms,2026-09-11T07:11:15+00:00,W-19,committed
PO-5444,Berry Grove Co,2026-09-11T08:15:03+00:00,W-17,committed
PO-5445,Berry Grove Co,2026-09-11T15:04:05+00:00,W-19,committed
PO-5446,Blue Mesa Farms 3,2026-09-11T12:07:09+00:00,W-17,committed
PO-5447,Berry Grove Co 2,2026-09-08T10:52:38+00:00,W-17,committed
PO-5448,Sierra Packing 2,2026-09-09T14:45:32+00:00,W-17,committed
PO-5449,North Fork Cold,2026-09-09T08:00:05+00:00,W-17,committed
PO-5450,Valley Mist,2026-09-10T11:27:26+00:00,W-17,committed
PO-5451,North Fork Cold 5,2026-09-08T13:51:47+00:00,W-19,committed
PO-5452,Fresh Farms,2026-09-11T14:45:54+00:00,W-19,info_late
PO-5453,Prairie Lot,2026-09-10T13:44:00+00:00,W-17,committed
PO-5454,Fresh Farms,2026-09-11T10:29:23+00:00,W-18,pending_clarification
PO-5455,Pacific Pack,2026-09-08T09:21:43+00:00,W-17,committed
PO-5456,GreenLeaf Produce,2026-09-08T11:44:30+00:00,W-18,committed
PO-5457,Valley Mist 3,2026-09-11T12:37:07+00:00,W-18,pending_clarification
PO-5458,Blue Mesa Farms,2026-09-08T09:53:51+00:00,W-19,committed
PO-5459,Fresh Farms,2026-09-07T07:46:52+00:00,W-19,flagged_over
PO-5460,Berry Grove Co 6,2026-09-09T13:10:24+00:00,W-18,committed
PO-5461,Berry Grove Co,2026-09-10T10:44:00+00:00,W-19,committed
PO-5462,Blue Mesa Farms 2,2026-09-11T11:21:33+00:00,W-19,quality_damage
PO-5463,North Fork Cold 7,2026-09-07T08:20:05+00:00,W-18,committed
PO-5464,Blue Mesa Farms 5,2026-09-07T13:00:04+00:00,W-19,committed
PO-5465,CoolChain Farms 2,2026-09-12T09:21:14+00:00,W-17,pending_clarification
PO-5466,Fresh Farms,2026-09-08T07:54:35+00:00,W-18,committed
PO-5467,Prairie Lot,2026-09-11T13:56:50+00:00,W-19,info_temp
PO-5468,Coastal Crisp,2026-09-10T15:12:49+00:00,W-18,committed
PO-5469,Sierra Packing 3,2026-09-08T10:15:40+00:00,W-17,committed
PO-5470,Fresh Farms,2026-09-12T11:24:34+00:00,W-18,committed
PO-5471,CoolChain Farms,2026-09-09T08:31:30+00:00,W-17,flagged
PO-5472,GreenLeaf Produce,2026-09-08T09:03:55+00:00,W-17,committed
PO-5473,Fresh Farms,2026-09-11T08:01:58+00:00,W-19,committed
PO-5474,CoolChain Farms,2026-09-11T10:10:39+00:00,W-19,info_temp
PO-5475,Fresh Farms,2026-09-08T13:24:36+00:00,W-19,committed
PO-5476,Sierra Packing 2,2026-09-09T10:21:55+00:00,W-17,committed
PO-5477,North Fork Cold 2,2026-09-08T07:04:00+00:00,W-18,committed
PO-5478,Sunridge Organics,2026-09-09T09:01:17+00:00,W-19,committed
PO-5479,Valley Mist,2026-09-08T13:25:23+00:00,W-18,committed
PO-5480,Fresh Farms 3,2026-09-10T13:56:06+00:00,W-17,committed
PO-5481,Sunridge Organics,2026-09-11T13:18:09+00:00,W-17,committed
PO-5482,CoolChain Farms,2026-09-10T13:42:31+00:00,W-19,pending_clarification
PO-5483,High Desert Growers 4,2026-09-07T09:10:30+00:00,W-17,committed
PO-5484,GreenLeaf Produce,2026-09-09T14:57:51+00:00,W-17,committed
PO-5485,Berry Grove Co,2026-09-09T12:32:34+00:00,W-18,committed
PO-5486,GreenLeaf Produce,2026-09-11T10:15:39+00:00,W-19,committed
PO-5487,Sunridge Organics 4,2026-09-10T11:52:25+00:00,W-17,committed
PO-5488,Coastal Crisp,2026-09-10T09:18:56+00:00,W-18,committed
PO-5489,Fresh Farms,2026-09-07T14:17:01+00:00,W-17,committed
PO-5490,Fresh Farms,2026-09-07T07:52:06+00:00,W-18,committed
PO-5491,GreenLeaf Produce,2026-09-10T07:42:06+00:00,W-17,info_temp
PO-5492,High Desert Growers 4,2026-09-10T08:07:33+00:00,W-17,committed
PO-5493,Blue Mesa Farms,2026-09-09T08:09:44+00:00,W-19,info_late
PO-5494,North Fork Cold 5,2026-09-10T11:33:19+00:00,W-18,quality_damage
PO-5495,CoolChain Farms,2026-09-08T09:13:09+00:00,W-17,committed
PO-5496,Sierra Packing 2,2026-09-08T11:33:00+00:00,W-18,office_flag
PO-5497,Blue Mesa Farms,2026-09-09T13:47:00+00:00,W-17,flagged_over
PO-5498,Valley Mist 4,2026-09-10T12:30:24+00:00,W-17,committed
PO-5499,Fresh Farms 4,2026-09-10T14:45:39+00:00,W-19,committed
PO-5500,Berry Grove Co,2026-09-08T14:16:04+00:00,W-18,committed
PO-5501,Prairie Lot 6,2026-09-08T08:17:03+00:00,W-17,flagged_item
PO-5502,Fresh Farms,2026-09-10T08:59:05+00:00,W-18,committed
PO-5503,CoolChain Farms,2026-09-09T13:45:02+00:00,W-17,pending_clarification
PO-5504,GreenLeaf Produce,2026-09-07T13:33:45+00:00,W-18,flagged
PO-5505,Sunridge Organics,2026-09-09T15:22:13+00:00,W-19,committed
PO-5506,Blue Mesa Farms,2026-09-10T13:21:59+00:00,W-17,flagged_heartbeat
PO-5507,Berry Grove Co,2026-09-11T08:51:07+00:00,W-18,office_flag
PO-5508,Prairie Lot 6,2026-09-08T09:04:00+00:00,W-19,committed
PO-5509,North Fork Cold,2026-09-11T09:07:10+00:00,W-19,committed
PO-5510,Blue Mesa Farms,2026-09-08T08:18:44+00:00,W-17,committed
PO-5511,Berry Grove Co 3,2026-09-07T10:13:22+00:00,W-18,committed
PO-5512,Berry Grove Co,2026-09-08T12:56:31+00:00,W-17,committed
PO-5513,Sierra Packing 4,2026-09-11T12:06:58+00:00,W-17,pending_match
PO-5514,GreenLeaf Produce 3,2026-09-11T11:19:24+00:00,W-17,committed
PO-5515,GreenLeaf Produce 4,2026-09-10T12:37:34+00:00,W-17,committed
PO-5516,High Desert Growers 2,2026-09-10T09:45:26+00:00,W-17,committed
PO-5517,Fresh Farms,2026-09-07T08:38:06+00:00,W-19,committed
PO-5518,Valley Mist,2026-09-10T09:11:03+00:00,W-19,committed
PO-5519,Fresh Farms,2026-09-09T14:35:53+00:00,W-19,committed
PO-5520,Fresh Farms,2026-09-08T07:20:46+00:00,W-18,office_flag
PO-5521,Prairie Lot,2026-09-07T12:36:15+00:00,W-17,committed
PO-5522,Harbor Greens 2,2026-09-09T12:45:29+00:00,W-18,pending_match
PO-5523,Berry Grove Co,2026-09-08T09:52:42+00:00,W-19,committed
PO-5524,Valley Mist,2026-09-12T09:46:54+00:00,W-19,committed
PO-5525,Blue Mesa Farms,2026-09-09T10:12:49+00:00,W-19,committed
PO-5526,GreenLeaf Produce 2,2026-09-07T07:17:18+00:00,W-19,committed
PO-5527,CoolChain Farms 4,2026-09-07T14:00:44+00:00,W-19,committed
PO-5528,Fresh Farms,2026-09-07T10:02:09+00:00,W-18,committed
PO-5529,Blue Mesa Farms 5,2026-09-07T10:24:36+00:00,W-19,committed
PO-5530,Fresh Farms 4,2026-09-10T07:19:46+00:00,W-18,committed
PO-5531,Sunridge Organics 3,2026-09-12T08:01:55+00:00,W-19,office_flag
PO-5532,Fresh Farms,2026-09-08T09:36:33+00:00,W-19,pending_clarification
PO-5533,Prairie Lot 6,2026-09-10T15:30:25+00:00,W-19,pending_clarification
PO-5534,Sunridge Organics,2026-09-07T09:52:05+00:00,W-19,committed
PO-5535,Pacific Pack,2026-09-09T08:41:31+00:00,W-19,pending_clarification
PO-5536,CoolChain Farms,2026-09-07T13:37:27+00:00,W-19,committed
PO-5537,CoolChain Farms,2026-09-09T07:12:49+00:00,W-18,committed
PO-5538,GreenLeaf Produce 4,2026-09-07T07:22:59+00:00,W-17,committed
PO-5539,Prairie Lot 5,2026-09-10T09:04:39+00:00,W-18,committed
PO-5540,Berry Grove Co,2026-09-07T11:35:13+00:00,W-19,committed
PO-5541,Berry Grove Co 2,2026-09-10T07:09:24+00:00,W-19,committed
PO-5542,GreenLeaf Produce,2026-09-07T12:56:39+00:00,W-18,committed
PO-5543,Sunridge Organics 2,2026-09-08T14:16:58+00:00,W-17,committed
PO-5544,GreenLeaf Produce 2,2026-09-11T11:08:55+00:00,W-17,committed
PO-5545,GreenLeaf Produce,2026-09-12T07:11:02+00:00,W-19,committed
PO-5546,Valley Mist 2,2026-09-08T10:00:22+00:00,W-17,committed
PO-5547,Valley Mist 5,2026-09-10T14:29:24+00:00,W-17,office_flag
PO-5548,Fresh Farms,2026-09-11T12:36:08+00:00,W-18,committed
PO-5549,Prairie Lot 6,2026-09-08T08:18:27+00:00,W-19,committed
PO-5550,Harbor Greens 3,2026-09-07T11:37:43+00:00,W-17,committed
PO-5551,Fresh Farms,2026-09-09T14:45:49+00:00,W-19,committed
PO-5552,CoolChain Farms,2026-09-12T08:00:11+00:00,W-17,committed
PO-5553,GreenLeaf Produce 4,2026-09-08T13:21:59+00:00,W-19,committed
PO-5554,Pacific Pack 7,2026-09-07T07:13:48+00:00,W-19,committed
PO-5555,Valley Mist,2026-09-08T12:51:01+00:00,W-19,pending_match
PO-5556,North Fork Cold,2026-09-08T14:16:24+00:00,W-17,committed
PO-5557,Berry Grove Co,2026-09-12T15:06:26+00:00,W-19,committed
PO-5558,Harbor Greens 4,2026-09-12T15:24:28+00:00,W-18,committed
PO-5559,GreenLeaf Produce 3,2026-09-08T07:21:38+00:00,W-18,pending_clarification
PO-5560,Fresh Farms 5,2026-09-07T10:53:52+00:00,W-17,committed
PO-5561,Sierra Packing 6,2026-09-08T13:31:40+00:00,W-17,pending_match
PO-5562,CoolChain Farms 2,2026-09-09T10:36:18+00:00,W-17,committed
PO-5563,Fresh Farms,2026-09-09T13:09:32+00:00,W-19,committed
PO-5564,Berry Grove Co,2026-09-08T10:50:01+00:00,W-19,committed
PO-5565,Sunridge Organics 5,2026-09-08T12:54:41+00:00,W-17,flagged_over
PO-5566,Harbor Greens 2,2026-09-10T07:43:33+00:00,W-19,committed
PO-5567,Berry Grove Co,2026-09-09T07:22:49+00:00,W-18,flagged
PO-5568,High Desert Growers,2026-09-07T13:04:03+00:00,W-18,pending_match
PO-5569,Red River Produce 6,2026-09-07T14:40:08+00:00,W-17,committed
PO-5570,Fresh Farms,2026-09-11T11:38:51+00:00,W-18,committed
PO-5571,GreenLeaf Produce 2,2026-09-08T07:40:38+00:00,W-17,quality_damage
PO-5572,Coastal Crisp 2,2026-09-07T08:15:03+00:00,W-17,committed
PO-5573,North Fork Cold 2,2026-09-08T08:31:10+00:00,W-19,committed
PO-5574,Valley Mist,2026-09-12T13:23:37+00:00,W-17,committed
PO-5575,Fresh Farms,2026-09-07T11:01:08+00:00,W-18,committed
PO-5576,Prairie Lot,2026-09-07T07:29:06+00:00,W-19,committed
PO-5577,Sierra Packing,2026-09-09T09:42:16+00:00,W-19,flagged
PO-5578,Berry Grove Co,2026-09-11T14:32:39+00:00,W-18,committed
PO-5579,Sunridge Organics 4,2026-09-10T08:00:47+00:00,W-19,pending_clarification
PO-5580,High Desert Growers 2,2026-09-11T08:48:00+00:00,W-19,committed
PO-5581,Fresh Farms,2026-09-09T09:45:49+00:00,W-19,committed
PO-5582,Harbor Greens 5,2026-09-07T14:06:21+00:00,W-18,committed
PO-5583,Blue Mesa Farms 4,2026-09-07T10:55:57+00:00,W-18,committed
PO-5584,CoolChain Farms,2026-09-08T13:11:43+00:00,W-19,committed
PO-5585,Valley Mist 2,2026-09-11T09:53:24+00:00,W-17,committed
PO-5586,Fresh Farms,2026-09-10T09:41:45+00:00,W-18,committed
