supplier_id,supplier
S-001,Fresh Farms
S-002,Berry Grove Co
S-003,GreenLeaf Produce
S-004,CoolChain Farms
S-005,Valley Mist
S-006,Pacific Pack
S-007,High Desert Growers
S-008,Coastal Crisp
S-009,Sunridge Organics
S-010,North Fork Cold
S-011,Red River Produce
S-012,Sierra Packing
S-013,Blue Mesa Farms
S-014,Harbor Greens
S-015,Prairie Lot
S-016,Berry Grove Co 2
S-017,GreenLeaf Produce 2
S-018,CoolChain Farms 2
S-019,Valley Mist 2
S-020,Pacific Pack 2
S-021,High Desert Growers 2
S-022,Coastal Crisp 2
S-023,Sunridge Organics 2
S-024,North Fork Cold 2
S-025,Red River Produce 2
S-026,Sierra Packing 2
S-027,Blue Mesa Farms 2
S-028,Harbor Greens 2
S-029,Prairie Lot 2
S-030,Fresh Farms 3
S-031,Berry Grove Co 3
S-032,GreenLeaf Produce 3
S-033,CoolChain Farms 3
S-034,Valley Mist 3
S-035,Pacific Pack 3
S-036,High Desert Growers 3
S-037,Coastal Crisp 3
S-038,Sunridge Organics 3
S-039,North Fork Cold 3
S-040,Red River Produce 3
S-041,Sierra Packing 3
S-042,Blue Mesa Farms 3
S-043,Harbor Greens 3
S-044,Prairie Lot 3
S-045,Fresh Farms 4
S-046,Berry Grove Co 4
S-047,GreenLeaf Produce 4
S-048,CoolChain Farms 4
S-049,Valley Mist 4
S-050,Pacific Pack 4
S-051,High Desert Growers 4
S-052,Coastal Crisp 4
S-053,Sunridge Organics 4
S-054,North Fork Cold 4
S-055,Red River Produce 4
S-056,Sierra Packing 4
S-057,Blue Mesa Farms 4
S-058,Harbor Greens 4
S-059,Prairie Lot 4
S-060,Fresh Farms 5
S-061,Berry Grove Co 5
S-062,GreenLeaf Produce 5
S-063,CoolChain Farms 5
S-064,Valley Mist 5
S-065,Pacific Pack 5
S-066,High Desert Growers 5
S-067,Coastal Crisp 5
S-068,Sunridge Organics 5
S-069,North Fork Cold 5
S-070,Red River Produce 5
S-071,Sierra Packing 5
S-072,Blue Mesa Farms 5
S-073,Harbor Greens 5
S-074,Prairie Lot 5
S-075,Fresh Farms 6
S-076,Berry Grove Co 6
S-077,GreenLeaf Produce 6
S-078,CoolChain Farms 6
S-079,Valley Mist 6
S-080,Pacific Pack 6
S-081,High Desert Growers 6
S-082,Coastal Crisp 6
S-083,Sunridge Organics 6
S-084,North Fork Cold 6
S-085,Red River Produce 6
S-086,Sierra Packing 6
S-087,Blue Mesa Farms 6
S-088,Harbor Greens 6
S-089,Prairie Lot 6
S-090,Fresh Farms 7
S-091,Berry Grove Co 7
S-092,GreenLeaf Produce 7
S-093,CoolChain Farms 7
S-094,Valley Mist 7
S-095,Pacific Pack 7
S-096,High Desert Growers 7
S-097,Coastal Crisp 7
S-098,Sunridge Organics 7
S-099,North Fork Cold 7
S-100,Red River Produce 7
